return {
    {cframe = 563.978882, 324.235657, -165.369537, -0.982809663, 0.0342242569, -0.181421459, -0.00192810525, 0.980711222, 0.195451424, 0.184611276, 0.192441344, -0.963786721, fov = 70},
    {cframe = 563.976135, 324.233032, -165.38591, -0.982809484, 0.0341107026, -0.181443796, -0.00191444496, 0.980847716, 0.194765255, 0.184612349, 0.191764519, -0.963921428, fov = 70},
    {cframe = 563.967224, 324.223938, -165.439301, -0.982808292, 0.0337481014, -0.181518048, -0.00187014532, 0.981281936, 0.19256708, 0.184619159, 0.189595968, -0.964348972, fov = 70},
    {cframe = 563.956543, 324.212952, -165.503204, -0.982807755, 0.0333144255, -0.181601241, -0.00181665295, 0.98179388, 0.189939931, 0.184622735, 0.187004313, -0.96485424, fov = 70},
    {cframe = 563.936584, 324.191223, -165.622818, -0.982805192, 0.0325188078, -0.181759313, -0.00172010355, 0.982714534, 0.185119703, 0.184637368, 0.182249233, -0.965760887, fov = 70},
    {cframe = 563.923584, 324.177002, -165.700531, -0.982804954, 0.0320022665, -0.181851938, -0.00165688561, 0.983298123, 0.181995109, 0.184638888, 0.179167002, -0.966337144, fov = 70},
    {cframe = 563.895691, 324.144714, -165.867462, -0.982801437, 0.0309183542, -0.182058468, -0.00152504945, 0.984491348, 0.17542541, 0.184658885, 0.172685981, -0.967512548, fov = 70},
    {cframe = 563.877991, 324.124054, -165.973221, -0.982801497, 0.0302327573, -0.182173029, -0.00144066883, 0.985222101, 0.171276018, 0.184659004, 0.168592766, -0.968234181, fov = 70},
    {cframe = 563.842712, 324.080536, -166.184143, -0.982797563, 0.0288853813, -0.182413042, -0.00127616362, 0.986608088, 0.163106471, 0.184681475, 0.160533443, -0.969598711, fov = 70},
    {cframe = 563.82074, 324.05307, -166.315903, -0.982798636, 0.0280437414, -0.182538658, -0.00117206562, 0.987436712, 0.158012107, 0.184676573, 0.155508026, -0.970418334, fov = 70},
    {cframe = 563.779419, 323.998169, -166.562668, -0.982794166, 0.0264594462, -0.182798862, -0.000978344819, 0.98892647, 0.148403317, 0.184701294, 0.146028742, -0.971885264, fov = 70},
    {cframe = 563.754028, 323.963867, -166.714798, -0.982795835, 0.0254786555, -0.182929099, -0.000856940402, 0.989799261, 0.142464802, 0.184692904, 0.140170574, -0.972748995, fov = 70},
    {cframe = 563.718811, 323.912415, -166.925369, -0.982791901, 0.0241461843, -0.183130622, -0.000693987822, 0.990929604, 0.134380668, 0.184714302, 0.132195324, -0.97386086, fov = 70},
    {cframe = 563.674255, 323.845703, -167.191788, -0.982794881, 0.0224650726, -0.183328494, -0.000486066856, 0.992257476, 0.124196962, 0.184699133, 0.122149244, -0.975174665, fov = 70},
    {cframe = 563.655945, 323.815765, -167.301208, -0.982790768, 0.0217609443, -0.183435887, -0.000400209799, 0.992783904, 0.11991784, 0.184721693, 0.117927544, -0.975689948, fov = 70},
    {cframe = 563.625427, 323.7659, -167.483582, -0.982790053, 0.0205845181, -0.183575124, -0.000254996121, 0.993619919, 0.11278104, 0.184725404, 0.110886894, -0.976514399, fov = 70},
    {cframe = 563.601013, 323.725983, -167.629471, -0.982794821, 0.0196412094, -0.183652893, -0.00013730576, 0.994251966, 0.107067473, 0.184700131, 0.105250575, -0.977142811, fov = 70},
    {cframe = 563.563904, 323.661194, -167.850937, -0.982788324, 0.0181125887, -0.183844551, 4.43140743e-05, 0.995204687, 0.0978119075, 0.184734613, 0.0961202532, -0.978076637, fov = 70},
    {cframe = 563.526855, 323.596405, -168.072403, -0.982794404, 0.0165793709, -0.183956861, 0.000229191966, 0.996071458, 0.0885479152, 0.184702307, 0.0869822353, -0.978937685, fov = 70},
    {cframe = 563.39386, 323.338257, -168.867325, -0.982797861, 0.010908179, -0.184361443, 0.000905376452, 0.998526692, 0.0542537868, 0.184681609, 0.0531535931, -0.981359899, fov = 70},
    {cframe = 563.345093, 323.226746, -169.158875, -0.982799411, 0.00901741348, -0.184455395, 0.00114243478, 0.999084949, 0.0427549258, 0.184672132, 0.0418087915, -0.981910348, fov = 70},
    {cframe = 563.340881, 323.215424, -169.182907, -0.982794881, 0.00890050549, -0.184485376, 0.00115912152, 0.999115705, 0.0420274884, 0.184696287, 0.0410905592, -0.981936157, fov = 70},
    {cframe = 563.32428, 323.170166, -169.278992, -0.982777536, 0.00843254756, -0.184599474, 0.00122614775, 0.999233484, 0.039117422, 0.184787899, 0.0382173769, -0.982034922, fov = 70},
    {cframe = 563.308899, 323.127289, -169.36618, -0.982751966, 0.00803056639, -0.184753627, 0.00128546357, 0.99932915, 0.0365994833, 0.184923589, 0.0357307233, -0.98210305, fov = 70},
    {cframe = 563.297241, 323.091644, -169.426651, -0.982698321, 0.0078274766, -0.185047552, 0.00132086547, 0.999377191, 0.0352589935, 0.185208306, 0.0344045274, -0.982096791, fov = 70},
    {cframe = 563.286438, 323.058807, -169.480988, -0.982634902, 0.00764632504, -0.18539162, 0.00135138608, 0.999418855, 0.0340574346, 0.185544297, 0.0332154892, -0.982074261, fov = 70},
    {cframe = 563.278137, 323.034363, -169.516876, -0.982541084, 0.00753195817, -0.185892865, 0.00136636966, 0.999445558, 0.0332732834, 0.186040372, 0.0324383713, -0.982006371, fov = 70},
    {cframe = 563.270691, 323.013123, -169.547195, -0.982432604, 0.00744953845, -0.186468661, 0.00137421605, 0.999464452, 0.0326890051, 0.186612338, 0.0318585001, -0.981916845, fov = 70},
    {cframe = 563.265869, 323.001526, -169.560745, -0.98228091, 0.0074640587, -0.1872655, 0.00135963107, 0.999463975, 0.032705009, 0.187409237, 0.0318708904, -0.981764674, fov = 70},
    {cframe = 563.261169, 322.991058, -169.572906, -0.982115149, 0.00748234428, -0.188132092, 0.00134205003, 0.999462664, 0.0327444263, 0.188276023, 0.0319063142, -0.981597662, fov = 70},
    {cframe = 563.257019, 322.98407, -169.580887, -0.981908679, 0.00751192309, -0.189205542, 0.00131548033, 0.999458909, 0.03285411, 0.189350024, 0.0320108384, -0.981387615, fov = 70},
    {cframe = 563.252991, 322.977936, -169.58783, -0.981690645, 0.00754779996, -0.19033213, 0.00128422258, 0.999454141, 0.0330105647, 0.190477386, 0.032161735, -0.981164515, fov = 70},
    {cframe = 563.249329, 322.974396, -169.59166, -0.981440008, 0.00760250119, -0.191618159, 0.00123898056, 0.999444306, 0.0333073437, 0.191764921, 0.0324517488, -0.980904102, fov = 70},
    {cframe = 563.245728, 322.971436, -169.594788, -0.981180012, 0.0076662614, -0.192942768, 0.00118703442, 0.999431968, 0.0336743034, 0.193091363, 0.0328115225, -0.980631888, fov = 70},
    {cframe = 563.242249, 322.970215, -169.595871, -0.980894983, 0.00775667652, -0.194383219, 0.00111550163, 0.999412358, 0.034251567, 0.194534704, 0.0333803557, -0.980327427, fov = 70},
    {cframe = 563.237915, 322.969238, -169.596542, -0.980525553, 0.00789327547, -0.196232483, 0.00100846961, 0.999381125, 0.0351601355, 0.196388558, 0.0342775211, -0.979926765, fov = 70},
    {cframe = 563.235352, 322.969177, -169.596359, -0.980293214, 0.00799631327, -0.197385952, 0.000928537338, 0.999355674, 0.0358734988, 0.197545663, 0.0349832661, -0.979669154, fov = 70},
    {cframe = 563.232056, 322.969147, -169.5961, -0.979981124, 0.00814880524, -0.198923156, 0.000810931146, 0.999316871, 0.0369416177, 0.19908832, 0.0360407792, -0.9793185, fov = 70},
    {cframe = 563.229553, 322.969299, -169.595795, -0.979666889, 0.00834449753, -0.200457335, 0.000662343577, 0.999263644, 0.0383596718, 0.200629845, 0.0374469273, -0.978951097, fov = 70},
    {cframe = 563.227722, 322.969635, -169.595444, -0.979383945, 0.00856040698, -0.201826021, 0.000550847151, 0.999210954, 0.0397082753, 0.202006713, 0.038778469, -0.978616059, fov = 70},
    {cframe = 563.227844, 322.970459, -169.595032, -0.979199708, 0.00883159786, -0.202706486, 0.000556028914, 0.999165058, 0.0408460721, 0.202897996, 0.039883744, -0.978387237, fov = 70},
    {cframe = 563.228027, 322.971466, -169.594498, -0.978968799, 0.00917212944, -0.203803524, 0.000561128021, 0.999106109, 0.0422691554, 0.204009041, 0.0412658229, -0.97809881, fov = 70},
    {cframe = 563.228333, 322.972504, -169.593903, -0.978817582, 0.00943974126, -0.204516247, 0.000591147749, 0.999062538, 0.0432839319, 0.204733104, 0.0422461741, -0.977905691, fov = 70},
    {cframe = 563.229248, 322.974945, -169.592392, -0.97858268, 0.00996477716, -0.205612168, 0.000703638536, 0.9989838, 0.0450658202, 0.205852285, 0.0439559594, -0.97759527, fov = 70},
    {cframe = 563.230225, 322.977509, -169.590744, -0.978355944, 0.0105010308, -0.206662059, 0.000831367099, 0.998902917, 0.0468210652, 0.206927001, 0.0456358567, -0.977291405, fov = 70},
    {cframe = 563.231445, 322.980347, -169.588745, -0.9781546, 0.0110662961, -0.207583636, 0.00100879639, 0.998822927, 0.0484937727, 0.207875922, 0.0472249947, -0.977014482, fov = 70},
    {cframe = 563.232666, 322.983063, -169.5867, -0.977958679, 0.0116229793, -0.208474159, 0.00119140046, 0.998743951, 0.0500936806, 0.208794504, 0.048741173, -0.976744056, fov = 70},
    {cframe = 563.233765, 322.985443, -169.584564, -0.977780819, 0.0121500306, -0.209277079, 0.0013927439, 0.998673141, 0.0514729768, 0.209624842, 0.0500378236, -0.97650069, fov = 70},
    {cframe = 563.235352, 322.987488, -169.582611, -0.977605283, 0.0127702691, -0.210058764, 0.00170651427, 0.99860543, 0.0527669601, 0.210439637, 0.051226791, -0.976263702, fov = 70},
    {cframe = 563.238586, 322.988586, -169.581161, -0.977437139, 0.0136673879, -0.210783541, 0.00235991366, 0.998548865, 0.0538034737, 0.211212978, 0.0520920791, -0.976050854, fov = 70},
    {cframe = 563.24292, 322.989166, -169.580093, -0.97726351, 0.0149420453, -0.211500779, 0.00341539178, 0.998493612, 0.0547600836, 0.2120004, 0.0527926758, -0.975842535, fov = 70},
    {cframe = 563.250854, 322.988281, -169.580109, -0.977073014, 0.0173473842, -0.212196276, 0.0056788316, 0.998443961, 0.0554757938, 0.212828428, 0.0529988743, -0.975651085, fov = 70},
    {cframe = 563.257324, 322.988281, -169.575775, -0.976821184, 0.020052854, -0.213115528, 0.00827425811, 0.998395324, 0.0560175478, 0.213896886, 0.0529557541, -0.9754197, fov = 70},
    {cframe = 563.258118, 322.989227, -169.56926, -0.976661205, 0.0214041807, -0.213716134, 0.00962092727, 0.998383045, 0.0560237803, 0.214569703, 0.0526601039, -0.975287974, fov = 70},
    {cframe = 563.262939, 322.994568, -169.534088, -0.976392031, 0.0235294495, -0.2147201, 0.0117638838, 0.998366892, 0.0559093133, 0.215684861, 0.0520634651, -0.975073993, fov = 70},
    {cframe = 563.268921, 323.00119, -169.491119, -0.976230204, 0.0246899743, -0.215324819, 0.012958019, 0.998361766, 0.055727534, 0.216347992, 0.0516127162, -0.974951029, fov = 70},
    {cframe = 563.280396, 323.013763, -169.409332, -0.976014435, 0.0264428649, -0.216093451, 0.0147894761, 0.998356521, 0.0553680137, 0.217202365, 0.0508440733, -0.974801421, fov = 70},
    {cframe = 563.313354, 323.049591, -169.176376, -0.975694656, 0.0299960636, -0.217071593, 0.0186121762, 0.998351395, 0.0542991683, 0.218342438, 0.0489392318, -0.974644244, fov = 70},
    {cframe = 563.340332, 323.078827, -168.986176, -0.975532055, 0.0327215455, -0.217408031, 0.0215813518, 0.998338997, 0.0534197763, 0.218794852, 0.0474207476, -0.974617779, fov = 70},
    {cframe = 563.372559, 323.113739, -168.759094, -0.97536236, 0.0359211825, -0.217664108, 0.025079878, 0.998312712, 0.0523678847, 0.219177976, 0.0456186756, -0.97461772, fov = 70},
    {cframe = 563.418457, 323.166473, -168.421921, -0.97513473, 0.0400663726, -0.217960641, 0.0297489651, 0.998285532, 0.0504147001, 0.219606817, 0.0426770188, -0.974654436, fov = 70},
    {cframe = 563.4729, 323.237854, -167.98143, -0.974931479, 0.0438493975, -0.218141153, 0.0344278552, 0.998310566, 0.0468068831, 0.219825044, 0.0381233729, -0.97479403, fov = 70},
    {cframe = 563.521362, 323.302917, -167.58699, -0.974741936, 0.0466710776, -0.218402922, 0.0379158966, 0.998307288, 0.0441104211, 0.22009182, 0.0347153321, -0.974861145, fov = 70},
    {cframe = 563.551941, 323.348969, -167.330719, -0.974624276, 0.0466128103, -0.218939602, 0.0378276072, 0.998308361, 0.0441503264, 0.220627218, 0.0347480178, -0.974738955, fov = 70},
    {cframe = 563.579468, 323.390411, -167.09967, -0.974484921, 0.0464546159, -0.21959272, 0.0376221277, 0.998312294, 0.0442365445, 0.221277133, 0.0348462984, -0.974588096, fov = 70},
    {cframe = 563.598083, 323.417847, -166.94429, -0.974278927, 0.0459967293, -0.220600575, 0.0370646939, 0.99832356, 0.0444616042, 0.222275749, 0.0351415165, -0.974350214, fov = 70},
    {cframe = 563.614319, 323.441925, -166.807785, -0.97405684, 0.0453371145, -0.221715346, 0.0362753794, 0.998338103, 0.0447758548, 0.2233769, 0.035571415, -0.974082768, fov = 70},
    {cframe = 563.623718, 323.455933, -166.727966, -0.973785818, 0.0440723971, -0.223156303, 0.034790419, 0.998364627, 0.0453579612, 0.224790439, 0.0364052393, -0.973726749, fov = 70},
    {cframe = 563.632324, 323.469299, -166.653336, -0.973421454, 0.041885443, -0.225157857, 0.0322398953, 0.998404801, 0.0463480353, 0.226740003, 0.0378571115, -0.973219216, fov = 70},
    {cframe = 563.634644, 323.473602, -166.63118, -0.973178744, 0.0400278047, -0.226540744, 0.0300842468, 0.998433292, 0.0471780188, 0.228074238, 0.0390973389, -0.972858369, fov = 70},
    {cframe = 563.636841, 323.478363, -166.608261, -0.972870946, 0.0374882892, -0.228290454, 0.0271393061, 0.99846369, 0.0483053774, 0.229750648, 0.0407992564, -0.97239387, fov = 70},
    {cframe = 563.636536, 323.480164, -166.60524, -0.972623289, 0.0347611308, -0.229772493, 0.0239909869, 0.998485804, 0.0495024584, 0.231145337, 0.042634774, -0.971984565, fov = 70},
    {cframe = 563.63623, 323.481964, -166.602203, -0.972366989, 0.0320337899, -0.231249183, 0.0208381377, 0.998497128, 0.050695613, 0.232525527, 0.0444759391, -0.971572757, fov = 70},
    {cframe = 563.63562, 323.484192, -166.599777, -0.972060263, 0.0287134182, -0.232968286, 0.0169311874, 0.99848181, 0.0524178036, 0.234119654, 0.0470088348, -0.971070588, fov = 70},
    {cframe = 563.633728, 323.488678, -166.599014, -0.971489251, 0.0223415159, -0.236028239, 0.00921868719, 0.9983567, 0.0565565787, 0.236903951, 0.0527682379, -0.970098853, fov = 70},
    {cframe = 563.632568, 323.49118, -166.598526, -0.971125484, 0.0193274226, -0.237784743, 0.00543518737, 0.998246968, 0.0589410663, 0.238506973, 0.0559467673, -0.969527841, fov = 70},
    {cframe = 563.630859, 323.494049, -166.597824, -0.970629573, 0.0174652487, -0.239943743, 0.00266329595, 0.998079956, 0.0618755296, 0.240563765, 0.0594191812, -0.968812823, fov = 70},
    {cframe = 563.62915, 323.496613, -166.597107, -0.970143557, 0.0158585962, -0.242012277, 0.00021475181, 0.997915983, 0.0645306185, 0.242531195, 0.0625519902, -0.968124866, fov = 70},
    {cframe = 563.62738, 323.498322, -166.596359, -0.969703197, 0.0150078228, -0.243824258, -0.00124168315, 0.997795403, 0.0663543493, 0.244282529, 0.064646773, -0.967546761, fov = 70},
    {cframe = 563.625488, 323.499817, -166.595612, -0.969279587, 0.0143183237, -0.245544046, -0.0024828387, 0.997683644, 0.0679785237, 0.245948613, 0.0664998516, -0.966998935, fov = 70},
    {cframe = 563.623474, 323.500671, -166.594849, -0.968913257, 0.0141064627, -0.246997952, -0.00306699518, 0.997611523, 0.0690063238, 0.247381419, 0.067618683, -0.966555715, fov = 70},
    {cframe = 563.621338, 323.501404, -166.594086, -0.968567133, 0.0139633734, -0.248359531, -0.00354573969, 0.997546613, 0.069912374, 0.248726457, 0.0685954541, -0.966141582, fov = 70},
    {cframe = 563.618896, 323.501709, -166.593307, -0.968285382, 0.0140235294, -0.249452963, -0.0037036729, 0.997508287, 0.0704533532, 0.249819383, 0.0691428334, -0.965820611, fov = 70},
    {cframe = 563.616394, 323.501984, -166.592529, -0.968026102, 0.0140830288, -0.250453591, -0.00384174986, 0.997473717, 0.0709367469, 0.250819772, 0.0696308017, -0.965526164, fov = 70},
    {cframe = 563.613464, 323.502106, -166.591751, -0.967837453, 0.0141391056, -0.251178384, -0.00391865801, 0.997450948, 0.071246922, 0.251545489, 0.0699397251, -0.965315044, fov = 70},
    {cframe = 563.610352, 323.502106, -166.590958, -0.967671156, 0.0142105306, -0.251814067, -0.00396344298, 0.997431517, 0.0715183988, 0.252183557, 0.0702043399, -0.965129316, fov = 70},
    {cframe = 563.605774, 323.501862, -166.589935, -0.96754849, 0.0143566905, -0.252276808, -0.00389821315, 0.997417808, 0.0717122108, 0.25265491, 0.0703684762, -0.964994073, fov = 70},
    {cframe = 563.602661, 323.501617, -166.589249, -0.96748668, 0.0144751268, -0.252506942, -0.00382005679, 0.997410715, 0.0718138739, 0.252892643, 0.0704435557, -0.964926362, fov = 70},
    {cframe = 563.597778, 323.501068, -166.588196, -0.967435598, 0.014714987, -0.252688855, -0.00361176929, 0.997404635, 0.0719103813, 0.253091156, 0.0704813078, -0.964871526, fov = 70},
    {cframe = 563.592407, 323.500488, -166.587021, -0.967383027, 0.0149934581, -0.252873629, -0.0033675353, 0.997397423, 0.0720206946, 0.253295332, 0.0705231577, -0.964814961, fov = 70},
    {cframe = 563.585815, 323.499847, -166.585495, -0.967325866, 0.0153877856, -0.253068686, -0.00301552261, 0.997387469, 0.0721724108, 0.253518134, 0.0705773756, -0.964752436, fov = 70},
    {cframe = 563.576416, 323.499084, -166.583206, -0.967223585, 0.0159740169, -0.253423035, -0.00250992575, 0.99736917, 0.0724466592, 0.253913552, 0.0707081929, -0.964638889, fov = 70},
    {cframe = 563.569824, 323.498718, -166.581512, -0.967134416, 0.0164097995, -0.253735095, -0.00214756327, 0.997352242, 0.0726873726, 0.25425607, 0.0708433688, -0.964538693, fov = 70},
    {cframe = 563.560303, 323.498322, -166.578995, -0.966978312, 0.0170492176, -0.254287511, -0.00163322617, 0.997325003, 0.0730783194, 0.254853159, 0.0710804611, -0.964363694, fov = 70},
    {cframe = 563.545959, 323.498169, -166.574951, -0.966644108, 0.018067427, -0.255485117, -0.000873357989, 0.997270763, 0.0738294944, 0.256121695, 0.0715899765, -0.963989854, fov = 70},
    {cframe = 563.53656, 323.498199, -166.57225, -0.966358662, 0.0187359247, -0.256514549, -0.000410034321, 0.997230113, 0.0743827671, 0.257197529, 0.0719856098, -0.96367383, fov = 70},
    {cframe = 563.518433, 323.498749, -166.566772, -0.965598404, 0.0200428888, -0.259263843, 0.0003861445, 0.997134686, 0.0756472498, 0.260037124, 0.0729447454, -0.962839365, fov = 70},
    {cframe = 563.506958, 323.499176, -166.563248, -0.96503824, 0.0208036173, -0.261281937, 0.000768413767, 0.997065544, 0.0765495747, 0.2621077, 0.0736724883, -0.962222278, fov = 70},
    {cframe = 563.490173, 323.500092, -166.557922, -0.964015007, 0.0217544157, -0.264955968, 0.00102274166, 0.99694252, 0.078133598, 0.265845567, 0.0750509724, -0.961089671, fov = 70},
    {cframe = 563.471436, 323.501251, -166.551956, -0.962801397, 0.022740297, -0.269251198, 0.00117740827, 0.99679625, 0.07997673, 0.270207196, 0.0766846836, -0.959743381, fov = 70},
    {cframe = 563.462341, 323.501923, -166.548981, -0.962140977, 0.0231447387, -0.271567553, 0.00112637039, 0.996717393, 0.0809560344, 0.272549689, 0.0775852278, -0.959008336, fov = 70},
    {cframe = 563.450256, 323.502838, -166.545029, -0.961252153, 0.0236879848, -0.274650574, 0.00105479546, 0.996610165, 0.0822636634, 0.275668144, 0.0787864253, -0.958018601, fov = 70},
    {cframe = 563.436523, 323.503937, -166.540543, -0.96021992, 0.0242757332, -0.278187573, 0.00092766853, 0.996485651, 0.0837552175, 0.279243201, 0.0801653564, -0.956868112, fov = 70},
    {cframe = 563.417908, 323.505676, -166.534409, -0.958765984, 0.0249920078, -0.28309527, 0.000637811143, 0.996312618, 0.0857956558, 0.284195542, 0.0820773989, -0.955246627, fov = 70},
    {cframe = 563.399475, 323.507477, -166.52829, -0.957280934, 0.025697194, -0.288015127, 0.000330000184, 0.996140003, 0.0877804458, 0.289159, 0.0839354992, -0.953594089, fov = 70},
    {cframe = 563.381226, 323.509491, -166.522278, -0.955751061, 0.0263457, -0.29299435, -9.66712832e-06, 0.995978892, 0.0895887613, 0.29417643, 0.0856273845, -0.951907575, fov = 70},
    {cframe = 563.363342, 323.511536, -166.516373, -0.954233468, 0.026945306, -0.297846019, -0.000369962305, 0.995825946, 0.0912748873, 0.299062103, 0.087207742, -0.950240254, fov = 70},
    {cframe = 563.346375, 323.51355, -166.510834, -0.952808022, 0.0273755025, -0.302336365, -0.000770508312, 0.995704472, 0.0925858095, 0.303572237, 0.0884494483, -0.94869411, fov = 70},
    {cframe = 563.330383, 323.515564, -166.505585, -0.951622128, 0.0277874693, -0.306011558, -0.00110981707, 0.995584965, 0.0938556716, 0.30726856, 0.0896547511, -0.94739002, fov = 70},
    {cframe = 563.3172, 323.517395, -166.501266, -0.951209068, 0.0281287562, -0.307262093, -0.00124877784, 0.995476782, 0.0949982852, 0.308544397, 0.0907469243, -0.946871281, fov = 70},
    {cframe = 563.304932, 323.519501, -166.497238, -0.950844288, 0.0285040289, -0.308354557, -0.00137704192, 0.995355904, 0.0962560698, 0.309666127, 0.0919491574, -0.94638896, fov = 70},
    {cframe = 563.295349, 323.522461, -166.494064, -0.950629234, 0.028977545, -0.308972716, -0.00146962376, 0.995199203, 0.0978581607, 0.310325116, 0.0934808999, -0.946022987, fov = 70},
    {cframe = 563.286621, 323.526123, -166.49115, -0.950447381, 0.0295410343, -0.309478462, -0.00155342603, 0.995011508, 0.0997488424, 0.310881257, 0.0952867791, -0.945660114, fov = 70},
    {cframe = 563.280273, 323.531982, -166.489014, -0.950365722, 0.0303717703, -0.309648961, -0.00160841411, 0.994731724, 0.102504246, 0.311130732, 0.0979145691, -0.945309579, fov = 70},
    {cframe = 563.273804, 323.541595, -166.486801, -0.95029676, 0.0317012034, -0.309727252, -0.00166391907, 0.994271636, 0.10687086, 0.311340928, 0.102074392, -0.944800198, fov = 70},
    {cframe = 563.27124, 323.549469, -166.485901, -0.950285733, 0.032759957, -0.309650928, -0.00168462424, 0.993894637, 0.110320427, 0.311374456, 0.105357572, -0.944428682, fov = 70},
    {cframe = 563.268616, 323.56134, -166.484909, -0.950561166, 0.0343052894, -0.308636487, -0.00161401648, 0.993320167, 0.115379602, 0.310532957, 0.110173516, -0.94415617, fov = 70},
    {cframe = 563.268372, 323.577271, -166.484619, -0.951694369, 0.0362351872, -0.304901093, -0.0012343796, 0.992552578, 0.121810257, 0.307044208, 0.116302498, -0.944562018, fov = 70},
    {cframe = 563.268494, 323.593842, -166.484253, -0.952770829, 0.038059622, -0.301295578, -0.000887014903, 0.991762877, 0.128084332, 0.303688586, 0.122302264, -0.944889009, fov = 70},
    {cframe = 563.269531, 323.612305, -166.483643, -0.953689933, 0.0396333821, -0.298168719, -0.000690188259, 0.990990043, 0.13393262, 0.300790459, 0.127935976, -0.945070028, fov = 70},
    {cframe = 563.271057, 323.630798, -166.482529, -0.954452515, 0.0410854109, -0.295520127, -0.000555350445, 0.990227461, 0.139462411, 0.298361927, 0.133274376, -0.945102096, fov = 70},
    {cframe = 563.273987, 323.6492, -166.479889, -0.954753935, 0.0422291793, -0.294383228, -0.000654148869, 0.989566684, 0.144074574, 0.297395945, 0.137748331, -0.944764972, fov = 70},
    {cframe = 563.278015, 323.667053, -166.476364, -0.955027699, 0.0432940237, -0.293338656, -0.000740835443, 0.988931417, 0.148368955, 0.296515405, 0.141913787, -0.944425166, fov = 70},
    {cframe = 563.2854, 323.683075, -166.4702, -0.955209434, 0.0441390872, -0.292620122, -0.000805350952, 0.988422453, 0.151723504, 0.295929253, 0.145163387, -0.944115102, fov = 70},
    {cframe = 563.294434, 323.697937, -166.462769, -0.95548296, 0.0449333265, -0.29160437, -0.000769977458, 0.98795259, 0.154756546, 0.295044929, 0.148091793, -0.943937063, fov = 70},
    {cframe = 563.308716, 323.709259, -166.451538, -0.956024051, 0.0455810912, -0.289724261, -0.000439923257, 0.98762536, 0.156830564, 0.293287545, 0.150061265, -0.944173634, fov = 70},
    {cframe = 563.325378, 323.718842, -166.438675, -0.956769526, 0.0462001711, -0.287153929, 8.36225227e-05, 0.987347066, 0.158575535, 0.290846735, 0.15169622, -0.94466728, fov = 70},
    {cframe = 563.349121, 323.723145, -166.420868, -0.958121002, 0.0467429459, -0.282522947, 0.00117838383, 0.987223506, 0.159338206, 0.286361158, 0.152332351, -0.945934474, fov = 70},
    {cframe = 563.381348, 323.726318, -166.402298, -0.959835827, 0.047410477, -0.276526958, 0.00269113947, 0.987128913, 0.159901977, 0.280548871, 0.152735487, -0.947609603, fov = 70},
    {cframe = 563.438904, 323.726135, -166.381393, -0.962632298, 0.0484624207, -0.266439945, 0.00544583052, 0.987122715, 0.159871042, 0.270756692, 0.152446046, -0.950500309, fov = 70},
    {cframe = 563.500854, 323.725708, -166.363113, -0.965462029, 0.0494682901, -0.255804062, 0.00827566721, 0.987137258, 0.159661815, 0.260411859, 0.152030468, -0.953452766, fov = 70},
    {cframe = 563.59491, 323.724396, -166.350159, -0.969326377, 0.0505784228, -0.240515903, 0.0121120997, 0.987237453, 0.158793405, 0.245477825, 0.151009485, -0.957568049, fov = 70},
    {cframe = 563.651306, 323.723602, -166.342361, -0.971529126, 0.0512413755, -0.231312141, 0.0143957138, 0.987294495, 0.158247113, 0.236482009, 0.15041177, -0.959923089, fov = 70},
    {cframe = 563.749329, 323.72171, -166.333481, -0.975230634, 0.0520254374, -0.21498464, 0.0180958547, 0.987453043, 0.1568719, 0.220448568, 0.149095967, -0.963936031, fov = 70},
    {cframe = 563.915771, 323.717346, -166.329071, -0.981057286, 0.0525417663, -0.186456054, 0.0237206221, 0.98785454, 0.153560758, 0.192259774, 0.146229044, -0.970388174, fov = 70},
    {cframe = 564.095154, 323.711914, -166.328812, -0.986541569, 0.0526007526, -0.154818237, 0.0292548537, 0.988347113, 0.149379477, 0.16087161, 0.142839894, -0.976584315, fov = 70},
    {cframe = 564.313538, 323.703339, -166.341171, -0.992132962, 0.0513638444, -0.114164904, 0.0347979888, 0.989164531, 0.142627582, 0.120253757, 0.137532815, -0.983170152, fov = 70},
    {cframe = 564.544495, 323.693329, -166.358932, -0.99631393, 0.0496557504, -0.0699477717, 0.0398986377, 0.990100861, 0.134566635, 0.0759373605, 0.131279796, -0.988432586, fov = 70},
    {cframe = 564.81311, 323.679169, -166.393402, -0.998816729, 0.0461251885, -0.0154092908, 0.0438816808, 0.991406202, 0.123240091, 0.0209613219, 0.122418083, -0.992257178, fov = 70},
    {cframe = 565.087769, 323.633453, -166.450317, -0.998389184, 0.039143838, 0.0410691909, 0.0432822071, 0.993502259, 0.105261303, -0.0366820097, 0.106869303, -0.993596077, fov = 70},
    {cframe = 565.380493, 323.493408, -166.575638, -0.994457304, 0.0215324722, 0.102911621, 0.0286742207, 0.997243941, 0.0684292763, -0.101154551, 0.0710009113, -0.992333829, fov = 70},
    {cframe = 565.663696, 323.328705, -166.722229, -0.987171769, 0.00213792338, 0.159647271, 0.00697506964, 0.999533176, 0.0297447424, -0.159509152, 0.0304767173, -0.986725807, fov = 70},
    {cframe = 565.918518, 323.090332, -166.934952, -0.978892326, -0.0264364425, 0.202659547, -0.029731052, 0.999470592, -0.0132293645, -0.202202469, -0.0189754032, -0.979159832, fov = 70},
    {cframe = 566.155151, 322.857788, -167.144333, -0.96922642, -0.0534887761, 0.240289211, -0.0680349618, 0.99629277, -0.052648209, -0.236582339, -0.067376107, -0.969272435, fov = 70},
    {cframe = 566.337708, 322.642334, -167.345413, -0.961110473, -0.0796189085, 0.264437795, -0.104863971, 0.991038382, -0.0827433094, -0.255480081, -0.107255459, -0.960846543, fov = 70},
    {cframe = 566.494873, 322.455872, -167.518784, -0.953151584, -0.101603292, 0.284918755, -0.137159407, 0.984676003, -0.10770572, -0.269609421, -0.14173916, -0.952481329, fov = 70},
    {cframe = 566.576294, 322.355957, -167.609741, -0.948464513, -0.112871565, 0.296099544, -0.153804332, 0.980941296, -0.118735582, -0.277054429, -0.158157885, -0.947748244, fov = 70},
    {cframe = 566.641541, 322.278931, -167.677872, -0.944417536, -0.121057428, 0.305647433, -0.166340485, 0.977899969, -0.12665841, -0.28355971, -0.170459971, -0.94368273, fov = 70},
    {cframe = 566.658325, 322.270386, -167.677643, -0.942877471, -0.120347925, 0.310641676, -0.166225433, 0.978053212, -0.125622392, -0.288705707, -0.170083091, -0.942189276, fov = 70},
    {cframe = 566.673218, 322.262909, -167.676407, -0.941506267, -0.119624861, 0.315048873, -0.165929362, 0.978256643, -0.124424249, -0.293314427, -0.169422045, -0.940883994, fov = 70},
    {cframe = 566.682495, 322.258759, -167.672134, -0.940706313, -0.118859209, 0.317716807, -0.165103242, 0.978609264, -0.122741342, -0.296331555, -0.167919621, -0.94020766, fov = 70},
    {cframe = 566.690491, 322.25531, -167.667664, -0.940029383, -0.118142992, 0.319979429, -0.164222687, 0.978974879, -0.120992616, -0.298957378, -0.166284502, -0.939666867, fov = 70},
    {cframe = 566.694519, 322.254059, -167.662659, -0.939742267, -0.117566794, 0.321033329, -0.163194612, 0.979385316, -0.119045846, -0.300419509, -0.164263323, -0.939556003, fov = 70},
    {cframe = 566.697754, 322.253143, -167.65831, -0.93951875, -0.117099151, 0.321857184, -0.162241846, 0.979774952, -0.117127925, -0.301632017, -0.162262604, -0.939515173, fov = 70},
    {cframe = 566.698669, 322.253265, -167.655945, -0.939489841, -0.116951771, 0.321995467, -0.161524639, 0.980110407, -0.115296982, -0.302106917, -0.160330534, -0.939694285, fov = 70},
    {cframe = 566.699341, 322.253448, -167.654221, -0.939488709, -0.116876736, 0.322025955, -0.160903156, 0.980411708, -0.113591388, -0.302441835, -0.158532813, -0.939891577, fov = 70},
    {cframe = 566.69928, 322.253754, -167.654434, -0.93957001, -0.117017455, 0.32173726, -0.160572112, 0.980618775, -0.112263002, -0.302365005, -0.157140985, -0.940149963, fov = 70},
    {cframe = 566.69928, 322.25415, -167.654724, -0.939681411, -0.117157087, 0.321360916, -0.160267964, 0.980805099, -0.111067027, -0.302180082, -0.155871466, -0.940420747, fov = 70},
    {cframe = 566.699158, 322.2547, -167.655212, -0.939883649, -0.117294215, 0.320718944, -0.160044163, 0.980931461, -0.110268846, -0.301669419, -0.154969081, -0.940733731, fov = 70},
    {cframe = 566.699097, 322.25528, -167.655701, -0.940084219, -0.11742153, 0.320083946, -0.159853712, 0.981037617, -0.109599397, -0.301145107, -0.154199272, -0.941028178, fov = 70},
    {cframe = 566.698975, 322.256042, -167.656174, -0.940281689, -0.117521107, 0.31946671, -0.159761757, 0.981084228, -0.109316453, -0.300576717, -0.153826818, -0.941270828, fov = 70},
    {cframe = 566.698853, 322.256805, -167.656647, -0.940478981, -0.117620468, 0.318848848, -0.15966998, 0.98113066, -0.109033577, -0.30000779, -0.153454363, -0.941513121, fov = 70},
    {cframe = 566.69873, 322.257904, -167.657211, -0.940717638, -0.117739171, 0.318100214, -0.159582719, 0.981174052, -0.10876964, -0.299305201, -0.153084829, -0.941796839, fov = 70},
    {cframe = 566.698547, 322.26001, -167.658066, -0.941081107, -0.117916703, 0.316957027, -0.159508705, 0.98120892, -0.108562641, -0.298199743, -0.152723655, -0.942206025, fov = 70},
    {cframe = 566.698303, 322.262421, -167.658936, -0.94145453, -0.118105106, 0.315775931, -0.159445256, 0.981240809, -0.108370945, -0.297053009, -0.152375281, -0.942624629, fov = 70},
    {cframe = 566.698059, 322.265869, -167.659866, -0.941859245, -0.11832694, 0.314483345, -0.159412965, 0.981262147, -0.10822466, -0.295784682, -0.152065113, -0.943073452, fov = 70},
    {cframe = 566.697815, 322.269684, -167.660797, -0.942267239, -0.118563585, 0.313169241, -0.15938583, 0.981284916, -0.108054571, -0.294496983, -0.151731029, -0.943530142, fov = 70},
    {cframe = 566.697571, 322.274811, -167.661728, -0.942687392, -0.118845157, 0.311795026, -0.159373879, 0.981313765, -0.10781242, -0.29315573, -0.15132539, -0.944012821, fov = 70},
    {cframe = 566.697327, 322.280426, -167.662643, -0.943104267, -0.119145103, 0.310416967, -0.159361988, 0.981349111, -0.10750711, -0.29181844, -0.150859073, -0.944501638, fov = 70},
    {cframe = 566.697021, 322.287598, -167.663513, -0.943515003, -0.119501382, 0.309028685, -0.159349918, 0.981405377, -0.107011996, -0.290494263, -0.150211111, -0.945012987, fov = 70},
    {cframe = 566.696777, 322.295349, -167.664337, -0.943916321, -0.119879231, 0.307653546, -0.15933302, 0.98147285, -0.106414609, -0.28919673, -0.149465859, -0.945528984, fov = 70},
    {cframe = 566.696472, 322.304932, -167.665085, -0.944293559, -0.120323889, 0.306319386, -0.1593007, 0.981575549, -0.105509534, -0.287980378, -0.148428872, -0.946063459, fov = 70},
    {cframe = 566.696228, 322.315216, -167.665771, -0.944655538, -0.120793268, 0.305015802, -0.159259036, 0.981694221, -0.104462907, -0.286813945, -0.147257999, -0.946600616, fov = 70},
    {cframe = 566.695984, 322.327576, -167.666306, -0.944976091, -0.12133982, 0.303803682, -0.159186959, 0.981861711, -0.102990627, -0.285796344, -0.14568527, -0.947151542, fov = 70},
    {cframe = 566.695801, 322.340698, -167.666779, -0.945276082, -0.12191423, 0.302638412, -0.159100831, 0.982047737, -0.101337478, -0.284850895, -0.143941894, -0.947702765, fov = 70},
    {cframe = 566.695557, 322.356201, -167.667053, -0.945517182, -0.122576296, 0.301615804, -0.158969194, 0.982293129, -0.0991401747, -0.284122944, -0.141686365, -0.948260963, fov = 70},
    {cframe = 566.694458, 322.372742, -167.665695, -0.945738196, -0.123278461, 0.300635248, -0.158835441, 0.98255235, -0.0967591256, -0.283461601, -0.139260337, -0.948818207, fov = 70},
    {cframe = 566.690674, 322.392303, -167.65947, -0.945898414, -0.12410567, 0.299789399, -0.158691719, 0.982860148, -0.0938250422, -0.283006847, -0.13632305, -0.949380279, fov = 70},
    {cframe = 566.685181, 322.412964, -167.650192, -0.946068645, -0.124950118, 0.298900366, -0.158557251, 0.983159721, -0.0908668339, -0.282512963, -0.133359075, -0.949948192, fov = 70},
    {cframe = 566.674438, 322.43689, -167.631805, -0.946265638, -0.125850722, 0.29789719, -0.158448189, 0.983452797, -0.0878351778, -0.281913668, -0.130316675, -0.950548351, fov = 70},
    {cframe = 566.662109, 322.461823, -167.61058, -0.946511686, -0.126718417, 0.296745569, -0.158343703, 0.983719826, -0.0849843472, -0.281145483, -0.127426475, -0.951167464, fov = 70},
    {cframe = 566.644897, 322.489624, -167.580826, -0.946900845, -0.127492756, 0.295168132, -0.158250064, 0.983931959, -0.0826746896, -0.279884905, -0.124995105, -0.95186162, fov = 70},
    {cframe = 566.62616, 322.51828, -167.548447, -0.947375, -0.128183618, 0.293341875, -0.15815708, 0.984106541, -0.0807512701, -0.278328657, -0.122895814, -0.952591002, fov = 70},
    {cframe = 566.602905, 322.549438, -167.508133, -0.948104322, -0.128633365, 0.290777534, -0.15805912, 0.984184623, -0.0799838603, -0.275890261, -0.121793084, -0.95344156, fov = 70},
    {cframe = 566.578186, 322.58136, -167.465378, -0.948946655, -0.128958598, 0.287870944, -0.157894969, 0.984244525, -0.0795742646, -0.273073584, -0.120965108, -0.954357386, fov = 70},
    {cframe = 566.549255, 322.61554, -167.415314, -0.950135887, -0.128919244, 0.283939332, -0.157525346, 0.984250128, -0.0802344233, -0.269123524, -0.120961241, -0.955479324, fov = 70},
    {cframe = 566.518982, 322.650421, -167.363007, -0.951427639, -0.128755659, 0.279655606, -0.157029241, 0.984260857, -0.081074208, -0.264815211, -0.121050328, -0.956671059, fov = 70},
    {cframe = 566.484924, 322.687408, -167.303986, -0.95305115, -0.128220245, 0.27432248, -0.156155512, 0.984284997, -0.0824539065, -0.25943923, -0.121419765, -0.958096206, fov = 70},
    {cframe = 566.449646, 322.725037, -167.242905, -0.954749286, -0.127573371, 0.268660814, -0.155158848, 0.984312356, -0.0839934647, -0.253730834, -0.121877797, -0.959565699, fov = 70},
    {cframe = 566.41095, 322.764526, -167.17569, -0.956721902, -0.126586065, 0.262028545, -0.153801784, 0.984349966, -0.0860232189, -0.247038454, -0.122600757, -0.961218417, fov = 70},
    {cframe = 566.374756, 322.801056, -167.112823, -0.958549082, -0.125618279, 0.255741209, -0.152475223, 0.984384358, -0.0879731774, -0.24069652, -0.123320796, -0.962734163, fov = 70},
    {cframe = 566.346252, 322.828796, -167.063049, -0.960047185, -0.124686502, 0.25052458, -0.151262417, 0.98441416, -0.0897154734, -0.235433578, -0.124026038, -0.963944197, fov = 70},
    {cframe = 566.317688, 322.856537, -167.01329, -0.961515367, -0.123762295, 0.245297477, -0.150042892, 0.984441102, -0.0914475024, -0.230163217, -0.124733329, -0.965125024, fov = 70},
    {cframe = 566.284729, 322.888184, -166.955643, -0.963209093, -0.122632302, 0.239143148, -0.14855893, 0.984471202, -0.0935227275, -0.223960668, -0.125608802, -0.966469824, fov = 70},
    {cframe = 566.238342, 322.93161, -166.874329, -0.965602636, -0.120879926, 0.230215862, -0.146286219, 0.984511256, -0.0966342613, -0.214968935, -0.126987711, -0.968329668, fov = 70},
    {cframe = 566.191223, 322.975403, -166.79155, -0.967973173, -0.119060971, 0.221025392, -0.143896013, 0.98454386, -0.0998381078, -0.205722317, -0.128445283, -0.970144331, fov = 70},
    {cframe = 566.141785, 323.020264, -166.704346, -0.970435917, -0.116997845, 0.211105302, -0.14119032, 0.984570563, -0.103377737, -0.195753038, -0.13012749, -0.971981168, fov = 70},
    {cframe = 566.091736, 323.06543, -166.61586, -0.972842276, -0.114884295, 0.200946286, -0.138369516, 0.984585226, -0.106985524, -0.185557753, -0.131884873, -0.973742545, fov = 70},
    {cframe = 566.039795, 323.11145, -166.52356, -0.975282431, -0.112559125, 0.190143317, -0.135249868, 0.984588206, -0.110876523, -0.17473273, -0.13385278, -0.975475132, fov = 70},
    {cframe = 565.987366, 323.157654, -166.430145, -0.977634311, -0.110199802, 0.179128289, -0.13201867, 0.984575689, -0.114811219, -0.163713187, -0.135891661, -0.977103472, fov = 70},
    {cframe = 565.933472, 323.204468, -166.333481, -0.979965687, -0.107661419, 0.167559355, -0.128507793, 0.984545767, -0.118976586, -0.152160659, -0.138125643, -0.978656352, fov = 70},
    {cframe = 565.879211, 323.251373, -166.235901, -0.982179701, -0.105105177, 0.155806959, -0.124890685, 0.984496593, -0.123161323, -0.140446544, -0.140425384, -0.980079234, fov = 70},
    {cframe = 565.823853, 323.298645, -166.135666, -0.984324098, -0.102402583, 0.143595636, -0.121016636, 0.984425187, -0.127524257, -0.128300339, -0.142902642, -0.981385648, fov = 70},
    {cframe = 565.76825, 323.345947, -166.034698, -0.986325562, -0.0996978283, 0.131232589, -0.11704351, 0.98433125, -0.131882846, -0.116027914, -0.145439342, -0.982539952, fov = 70},
    {cframe = 565.711975, 323.393311, -165.931656, -0.988215387, -0.0968785584, 0.118510388, -0.112839751, 0.98421073, -0.1363682, -0.103428096, -0.148133844, -0.983543992, fov = 70},
    {cframe = 565.641418, 323.452454, -165.801804, -0.990353763, -0.0933433995, 0.102403127, -0.107426494, 0.984024763, -0.141968414, -0.0875154063, -0.15159975, -0.984560013, fov = 70},
    {cframe = 565.598877, 323.487823, -165.722992, -0.991521537, -0.0911826044, 0.0925780088, -0.104053304, 0.983891368, -0.145361319, -0.0778323486, -0.153761908, -0.985037744, fov = 70},
    {cframe = 565.542297, 323.534851, -165.617584, -0.992922127, -0.0883198828, 0.0794050694, -0.0994823277, 0.983691573, -0.149848074, -0.0648755282, -0.156686872, -0.985515237, fov = 70},
    {cframe = 565.485779, 323.581482, -165.511261, -0.994152188, -0.0854039639, 0.0660864785, -0.0947468206, 0.983460784, -0.154363126, -0.051810272, -0.159721941, -0.985801399, fov = 70},
    {cframe = 565.429382, 323.627899, -165.4048, -0.995192945, -0.0825274289, 0.0527262911, -0.0899471268, 0.983203292, -0.158811018, -0.0387343988, -0.162790194, -0.985900044, fov = 70},
    {cframe = 565.373596, 323.673615, -165.298004, -0.99604851, -0.0796260834, 0.0393316783, -0.0850222632, 0.982915759, -0.163241714, -0.0256614238, -0.165940747, -0.985801697, fov = 70},
    {cframe = 565.318054, 323.719025, -165.191269, -0.996710956, -0.0767752677, 0.025937099, -0.0800495595, 0.982601583, -0.167588294, -0.0126192113, -0.169113338, -0.985515714, fov = 70},
    {cframe = 565.263489, 323.763519, -165.084793, -0.99718374, -0.0739272162, 0.0126215294, -0.0749962777, 0.98225975, -0.17187497, 0.000308605056, -0.172337472, -0.985037863, fov = 70},
    {cframe = 565.20929, 323.807648, -164.978577, -0.997466087, -0.0711385906, -0.000652266201, -0.0699127838, 0.981892884, -0.176063433, 0.0131653519, -0.17557171, -0.984378517, fov = 70},
    {cframe = 565.156433, 323.850586, -164.873215, -0.997564971, -0.0683767349, -0.0137321241, -0.0647957921, 0.981502354, -0.180153176, 0.0257963911, -0.178824693, -0.983542681, fov = 70},
    {cframe = 565.104187, 323.893036, -164.768295, -0.997482479, -0.0656817555, -0.0267289523, -0.0596681349, 0.981088698, -0.184133247, 0.0383176543, -0.18207483, -0.982537687, fov = 70},
    {cframe = 565.041016, 323.944305, -164.638962, -0.997142732, -0.0623866059, -0.0425921082, -0.0532783233, 0.980545223, -0.188926384, 0.0535499416, -0.186117321, -0.981067061, fov = 70},
    {cframe = 565.003845, 323.974518, -164.562027, -0.996815979, -0.0604636259, -0.0519800484, -0.0494592749, 0.980205178, -0.191707373, 0.0625424236, -0.188526079, -0.980074584, fov = 70},
    {cframe = 564.956116, 324.013275, -164.461258, -0.996257365, -0.0579605475, -0.0641223118, -0.044431515, 0.979742408, -0.19527033, 0.0741413236, -0.19169046, -0.978650928, fov = 70},
    {cframe = 564.912964, 324.04837, -164.369446, -0.995613754, -0.0557303391, -0.0751473233, -0.0398397595, 0.979303837, -0.198435768, 0.0846509412, -0.194571555, -0.977228701, fov = 70},
    {cframe = 564.883423, 324.072479, -164.304596, -0.995095432, -0.0541597903, -0.0827741325, -0.0365955904, 0.978986859, -0.200613484, 0.0918999389, -0.196600407, -0.976167262, fov = 70},
    {cframe = 564.853882, 324.096588, -164.239746, -0.994513869, -0.0526163578, -0.0904076323, -0.0333458148, 0.97866112, -0.202756286, 0.0991467386, -0.198629215, -0.975046754, fov = 70},
    {cframe = 564.821594, 324.122955, -164.167847, -0.993804872, -0.0509283394, -0.0987835154, -0.029748911, 0.978293777, -0.205077261, 0.107083507, -0.20086807, -0.973747909, fov = 70},
    {cframe = 564.781189, 324.156189, -164.074875, -0.992802322, -0.048769068, -0.109385051, -0.0251176003, 0.977810144, -0.207981631, 0.11710088, -0.20373714, -0.971997142, fov = 70},
    {cframe = 564.741882, 324.188568, -163.983154, -0.99170655, -0.0466857441, -0.119742893, -0.020560611, 0.977321744, -0.210759073, 0.126866773, -0.206549168, -0.97017628, fov = 70},
    {cframe = 564.705933, 324.218475, -163.895264, -0.990589261, -0.0447188206, -0.129356101, -0.0162448511, 0.976851642, -0.213300169, 0.135900244, -0.209191486, -0.96838516, fov = 70},
    {cframe = 564.671204, 324.247498, -163.808838, -0.98940891, -0.0428267308, -0.138692945, -0.0120243831, 0.976382136, -0.215715542, 0.144655704, -0.211763188, -0.966556251, fov = 70},
    {cframe = 564.640198, 324.273773, -163.726852, -0.988255978, -0.0410636328, -0.147186235, -0.00810244959, 0.975942552, -0.217876747, 0.152592123, -0.21412541, -0.964813828, fov = 70},
    {cframe = 564.610596, 324.299072, -163.64653, -0.987071276, -0.039378956, -0.15536876, -0.00430288352, 0.975510359, -0.219911188, 0.160223708, -0.216399476, -0.96306777, fov = 70},
    {cframe = 564.585144, 324.32135, -163.571243, -0.985966563, -0.0378373414, -0.162597835, -0.000864224683, 0.975120187, -0.221674889, 0.166940019, -0.218423516, -0.961468697, fov = 70},
    {cframe = 564.561157, 324.34256, -163.497833, -0.984863102, -0.0363541916, -0.169478074, 0.00245034858, 0.974740565, -0.223327726, 0.173316002, -0.220362514, -0.959896743, fov = 70},
    {cframe = 564.541748, 324.360504, -163.430054, -0.983884811, -0.0350381285, -0.175336182, 0.00534020783, 0.974416494, -0.224687636, 0.178723037, -0.222003087, -0.958526194, fov = 70},
    {cframe = 564.523987, 324.377289, -163.364349, -0.982937574, -0.0337799825, -0.180810511, 0.00808420032, 0.974108577, -0.225936174, 0.183761165, -0.223542854, -0.957214832, fov = 70},
    {cframe = 564.511108, 324.390533, -163.304886, -0.982165694, -0.0326907188, -0.185153261, 0.0103556942, 0.973867536, -0.226879328, 0.187731639, -0.224750474, -0.956161022, fov = 70},
    {cframe = 564.500061, 324.402557, -163.247681, -0.9814502, -0.0316617601, -0.18908447, 0.0124601172, 0.973649025, -0.227710038, 0.191311643, -0.225842059, -0.955193758, fov = 70},
    {cframe = 564.494324, 324.410767, -163.197311, -0.980951607, -0.0308116842, -0.191792831, 0.0140432389, 0.973508, -0.228221059, 0.193743721, -0.226567194, -0.95453161, fov = 70},
    {cframe = 564.490479, 324.417664, -163.149429, -0.980529606, -0.0300252642, -0.194061935, 0.0154400291, 0.973394454, -0.228616804, 0.195763007, -0.227161869, -0.953978062, fov = 70},
    {cframe = 564.492859, 324.421204, -163.098862, -0.980315566, -0.0292806514, -0.195253327, 0.0164761618, 0.973360121, -0.22868982, 0.196747929, -0.22740522, -0.953717411, fov = 70},
    {cframe = 564.508301, 324.401581, -163.074112, -0.980248511, -0.0265685301, -0.195976272, 0.0167247932, 0.976249039, -0.216005504, 0.19706054, -0.215016752, -0.956522226, fov = 70},
    {cframe = 564.566772, 324.317474, -163.055817, -0.980587065, -0.0167790987, -0.19536458, 0.0159634668, 0.986193836, -0.164825231, 0.195432901, -0.164744183, -0.966780841, fov = 70},
    {cframe = 564.624634, 324.234467, -163.041641, -0.981004834, -0.00500071328, -0.193918198, 0.0150998849, 0.9946661, -0.102038398, 0.19339405, -0.103028305, -0.975696504, fov = 70},
    {cframe = 564.680603, 324.154663, -163.040085, -0.981482148, 0.0126974629, -0.191132054, 0.0138994176, 0.999891102, -0.00494918786, 0.191048399, -0.00751416385, -0.981551766, fov = 70},
    {cframe = 563.610229, 324.108948, -168.110184, -0.983555734, 0.0445542186, -0.17502223, 0.0141861811, 0.985157728, 0.171064168, 0.180046126, 0.165768251, -0.969589651, fov = 70},
    {cframe = 563.610229, 324.108948, -168.110184, -0.983555734, 0.0445542186, -0.17502223, 0.0141861811, 0.985157728, 0.171064168, 0.180046126, 0.165768251, -0.969589651, fov = 70},
    {cframe = 563.603882, 324.109192, -168.108994, -0.98351264, 0.0454875343, -0.175024465, 0.0151206367, 0.9851439, 0.171064243, 0.180205554, 0.165597364, -0.969589233, fov = 70},
    {cframe = 563.578491, 324.110168, -168.104233, -0.983332872, 0.0492206514, -0.175024718, 0.0188600793, 0.98507899, 0.171064451, 0.180833116, 0.164912328, -0.969589174, fov = 70},
    {cframe = 563.566284, 324.108459, -168.102325, -0.98319, 0.0520199388, -0.17501758, 0.0216656569, 0.985021532, 0.171064541, 0.181294844, 0.164397091, -0.969590425, fov = 70},
    {cframe = 563.593628, 324.098755, -168.108978, -0.98319, 0.0520199388, -0.17501758, 0.0216656569, 0.985021532, 0.171064541, 0.181294844, 0.164397091, -0.969590425, fov = 70},
    {cframe = 563.6073, 324.093903, -168.112305, -0.98319, 0.0520199388, -0.17501758, 0.0216656569, 0.985021532, 0.171064541, 0.181294844, 0.164397091, -0.969590425, fov = 70},
    {cframe = 563.579956, 324.103607, -168.105652, -0.98319, 0.0520199388, -0.17501758, 0.0216656569, 0.985021532, 0.171064541, 0.181294844, 0.164397091, -0.969590425, fov = 70},
    {cframe = 563.564026, 324.109283, -168.101776, -0.98319, 0.0520199388, -0.17501758, 0.0216656569, 0.985021532, 0.171064541, 0.181294844, 0.164397091, -0.969590425, fov = 70},
    {cframe = 563.582214, 324.102814, -168.106201, -0.98319, 0.0520199388, -0.17501758, 0.0216656569, 0.985021532, 0.171064541, 0.181294844, 0.164397091, -0.969590425, fov = 70},
    {cframe = 563.600464, 324.096344, -168.110641, -0.98319, 0.0520199388, -0.17501758, 0.0216656569, 0.985021532, 0.171064541, 0.181294844, 0.164397091, -0.969590425, fov = 70},
    {cframe = 563.6073, 324.093903, -168.112305, -0.98319, 0.0520199388, -0.17501758, 0.0216656569, 0.985021532, 0.171064541, 0.181294844, 0.164397091, -0.969590425, fov = 70},
    {cframe = 563.579956, 324.103607, -168.105652, -0.98319, 0.0520199388, -0.17501758, 0.0216656569, 0.985021532, 0.171064541, 0.181294844, 0.164397091, -0.969590425, fov = 70},
    {cframe = 563.566284, 324.108459, -168.102325, -0.98319, 0.0520199388, -0.17501758, 0.0216656569, 0.985021532, 0.171064541, 0.181294844, 0.164397091, -0.969590425, fov = 70},
    {cframe = 563.593628, 324.098755, -168.108978, -0.98319, 0.0520199388, -0.17501758, 0.0216656569, 0.985021532, 0.171064541, 0.181294844, 0.164397091, -0.969590425, fov = 70},
    {cframe = 563.6073, 324.093903, -168.112305, -0.98319, 0.0520199388, -0.17501758, 0.0216656569, 0.985021532, 0.171064541, 0.181294844, 0.164397091, -0.969590425, fov = 70},
    {cframe = 563.57312, 324.106049, -168.103989, -0.98319, 0.0520199388, -0.17501758, 0.0216656569, 0.985021532, 0.171064541, 0.181294844, 0.164397091, -0.969590425, fov = 70},
    {cframe = 563.566284, 324.108459, -168.102325, -0.98319, 0.0520199388, -0.17501758, 0.0216656569, 0.985021532, 0.171064541, 0.181294844, 0.164397091, -0.969590425, fov = 70},
    {cframe = 563.593628, 324.098755, -168.108978, -0.98319, 0.0520199388, -0.17501758, 0.0216656569, 0.985021532, 0.171064541, 0.181294844, 0.164397091, -0.969590425, fov = 70},
    {cframe = 563.6073, 324.093903, -168.112305, -0.98319, 0.0520199388, -0.17501758, 0.0216656569, 0.985021532, 0.171064541, 0.181294844, 0.164397091, -0.969590425, fov = 70},
    {cframe = 563.579956, 324.103607, -168.105652, -0.98319, 0.0520199388, -0.17501758, 0.0216656569, 0.985021532, 0.171064541, 0.181294844, 0.164397091, -0.969590425, fov = 70},
    {cframe = 563.566284, 324.108459, -168.102325, -0.98319, 0.0520199388, -0.17501758, 0.0216656569, 0.985021532, 0.171064541, 0.181294844, 0.164397091, -0.969590425, fov = 70},
    {cframe = 563.593628, 324.098755, -168.108978, -0.98319, 0.0520199388, -0.17501758, 0.0216656569, 0.985021532, 0.171064541, 0.181294844, 0.164397091, -0.969590425, fov = 70},
    {cframe = 563.6073, 324.093903, -168.112305, -0.98319, 0.0520199388, -0.17501758, 0.0216656569, 0.985021532, 0.171064541, 0.181294844, 0.164397091, -0.969590425, fov = 70},
    {cframe = 563.579956, 324.103607, -168.105652, -0.98319, 0.0520199388, -0.17501758, 0.0216656569, 0.985021532, 0.171064541, 0.181294844, 0.164397091, -0.969590425, fov = 70},
    {cframe = 563.566284, 324.108459, -168.102325, -0.98319, 0.0520199388, -0.17501758, 0.0216656569, 0.985021532, 0.171064541, 0.181294844, 0.164397091, -0.969590425, fov = 70},
    {cframe = 563.593628, 324.098755, -168.108978, -0.98319, 0.0520199388, -0.17501758, 0.0216656569, 0.985021532, 0.171064541, 0.181294844, 0.164397091, -0.969590425, fov = 70},
    {cframe = 563.6073, 324.093903, -168.112305, -0.98319, 0.0520199388, -0.17501758, 0.0216656569, 0.985021532, 0.171064541, 0.181294844, 0.164397091, -0.969590425, fov = 70},
    {cframe = 563.579956, 324.103607, -168.105652, -0.98319, 0.0520199388, -0.17501758, 0.0216656569, 0.985021532, 0.171064541, 0.181294844, 0.164397091, -0.969590425, fov = 70},
    {cframe = 563.566284, 324.108459, -168.102325, -0.98319, 0.0520199388, -0.17501758, 0.0216656569, 0.985021532, 0.171064541, 0.181294844, 0.164397091, -0.969590425, fov = 70},
    {cframe = 563.593628, 324.098755, -168.108978, -0.98319, 0.0520199388, -0.17501758, 0.0216656569, 0.985021532, 0.171064541, 0.181294844, 0.164397091, -0.969590425, fov = 70},
    {cframe = 563.6073, 324.093903, -168.112305, -0.98319, 0.0520199388, -0.17501758, 0.0216656569, 0.985021532, 0.171064541, 0.181294844, 0.164397091, -0.969590425, fov = 70},
    {cframe = 563.579956, 324.103607, -168.105652, -0.98319, 0.0520199388, -0.17501758, 0.0216656569, 0.985021532, 0.171064541, 0.181294844, 0.164397091, -0.969590425, fov = 70},
    {cframe = 563.566284, 324.108459, -168.102325, -0.98319, 0.0520199388, -0.17501758, 0.0216656569, 0.985021532, 0.171064541, 0.181294844, 0.164397091, -0.969590425, fov = 70},
    {cframe = 563.593628, 324.098755, -168.108978, -0.98319, 0.0520199388, -0.17501758, 0.0216656569, 0.985021532, 0.171064541, 0.181294844, 0.164397091, -0.969590425, fov = 70},
    {cframe = 563.614136, 324.091492, -168.113968, -0.98319, 0.0520199388, -0.17501758, 0.0216656569, 0.985021532, 0.171064541, 0.181294844, 0.164397091, -0.969590425, fov = 70},
    {cframe = 563.614136, 324.091492, -168.113968, -0.98319, 0.0520199388, -0.17501758, 0.0216656569, 0.985021532, 0.171064541, 0.181294844, 0.164397091, -0.969590425, fov = 70},
    {cframe = 563.609619, 324.093109, -168.112854, -0.98319, 0.0520199388, -0.17501758, 0.0216656569, 0.985021532, 0.171064541, 0.181294844, 0.164397091, -0.969590425, fov = 70},
    {cframe = 563.59137, 324.099579, -168.108429, -0.98319, 0.0520199388, -0.17501758, 0.0216656569, 0.985021532, 0.171064541, 0.181294844, 0.164397091, -0.969590425, fov = 70},
    {cframe = 563.57312, 324.106049, -168.103989, -0.98319, 0.0520199388, -0.17501758, 0.0216656569, 0.985021532, 0.171064541, 0.181294844, 0.164397091, -0.969590425, fov = 70},
    {cframe = 563.566284, 324.108459, -168.102325, -0.98319, 0.0520199388, -0.17501758, 0.0216656569, 0.985021532, 0.171064541, 0.181294844, 0.164397091, -0.969590425, fov = 70},
    {cframe = 563.593628, 324.098755, -168.108978, -0.98319, 0.0520199388, -0.17501758, 0.0216656569, 0.985021532, 0.171064541, 0.181294844, 0.164397091, -0.969590425, fov = 70},
    {cframe = 563.6073, 324.093903, -168.112305, -0.98319, 0.0520199388, -0.17501758, 0.0216656569, 0.985021532, 0.171064541, 0.181294844, 0.164397091, -0.969590425, fov = 70},
    {cframe = 563.579956, 324.103607, -168.105652, -0.98319, 0.0520199388, -0.17501758, 0.0216656569, 0.985021532, 0.171064541, 0.181294844, 0.164397091, -0.969590425, fov = 70},
    {cframe = 563.566284, 324.108459, -168.102325, -0.98319, 0.0520199388, -0.17501758, 0.0216656569, 0.985021532, 0.171064541, 0.181294844, 0.164397091, -0.969590425, fov = 70},
    {cframe = 563.593628, 324.098755, -168.108978, -0.98319, 0.0520199388, -0.17501758, 0.0216656569, 0.985021532, 0.171064541, 0.181294844, 0.164397091, -0.969590425, fov = 70},
    {cframe = 563.6073, 324.093903, -168.112305, -0.98319, 0.0520199388, -0.17501758, 0.0216656569, 0.985021532, 0.171064541, 0.181294844, 0.164397091, -0.969590425, fov = 70},
    {cframe = 563.579956, 324.103607, -168.105652, -0.98319, 0.0520199388, -0.17501758, 0.0216656569, 0.985021532, 0.171064541, 0.181294844, 0.164397091, -0.969590425, fov = 70},
    {cframe = 563.566284, 324.108459, -168.102325, -0.98319, 0.0520199388, -0.17501758, 0.0216656569, 0.985021532, 0.171064541, 0.181294844, 0.164397091, -0.969590425, fov = 70},
    {cframe = 563.593628, 324.098755, -168.108978, -0.98319, 0.0520199388, -0.17501758, 0.0216656569, 0.985021532, 0.171064541, 0.181294844, 0.164397091, -0.969590425, fov = 70},
    {cframe = 563.6073, 324.093903, -168.112305, -0.98319, 0.0520199388, -0.17501758, 0.0216656569, 0.985021532, 0.171064541, 0.181294844, 0.164397091, -0.969590425, fov = 70},
    {cframe = 563.579956, 324.103607, -168.105652, -0.98319, 0.0520199388, -0.17501758, 0.0216656569, 0.985021532, 0.171064541, 0.181294844, 0.164397091, -0.969590425, fov = 70},
    {cframe = 563.566284, 324.108459, -168.102325, -0.98319, 0.0520199388, -0.17501758, 0.0216656569, 0.985021532, 0.171064541, 0.181294844, 0.164397091, -0.969590425, fov = 70},
    {cframe = 563.593689, 324.098755, -168.108978, -0.98319, 0.0520199388, -0.17501758, 0.0216656569, 0.985021532, 0.171064541, 0.181294844, 0.164397091, -0.969590425, fov = 70},
    {cframe = 563.6073, 324.093903, -168.112305, -0.98319, 0.0520199388, -0.17501758, 0.0216656569, 0.985021532, 0.171064541, 0.181294844, 0.164397091, -0.969590425, fov = 70},
    {cframe = 563.579956, 324.103607, -168.105652, -0.98319, 0.0520199388, -0.17501758, 0.0216656569, 0.985021532, 0.171064541, 0.181294844, 0.164397091, -0.969590425, fov = 70},
    {cframe = 563.566284, 324.108459, -168.102325, -0.98319, 0.0520199388, -0.17501758, 0.0216656569, 0.985021532, 0.171064541, 0.181294844, 0.164397091, -0.969590425, fov = 70},
    {cframe = 563.593689, 324.098755, -168.108978, -0.98319, 0.0520199388, -0.17501758, 0.0216656569, 0.985021532, 0.171064541, 0.181294844, 0.164397091, -0.969590425, fov = 70},
    {cframe = 563.6073, 324.093903, -168.112305, -0.98319, 0.0520199388, -0.17501758, 0.0216656569, 0.985021532, 0.171064541, 0.181294844, 0.164397091, -0.969590425, fov = 70},
    {cframe = 563.579956, 324.103607, -168.105652, -0.98319, 0.0520199388, -0.17501758, 0.0216656569, 0.985021532, 0.171064541, 0.181294844, 0.164397091, -0.969590425, fov = 70},
    {cframe = 563.566284, 324.108459, -168.102325, -0.98319, 0.0520199388, -0.17501758, 0.0216656569, 0.985021532, 0.171064541, 0.181294844, 0.164397091, -0.969590425, fov = 70},
    {cframe = 563.593689, 324.098755, -168.108978, -0.98319, 0.0520199388, -0.17501758, 0.0216656569, 0.985021532, 0.171064541, 0.181294844, 0.164397091, -0.969590425, fov = 70},
    {cframe = 563.6073, 324.093903, -168.112305, -0.98319, 0.0520199388, -0.17501758, 0.0216656569, 0.985021532, 0.171064541, 0.181294844, 0.164397091, -0.969590425, fov = 70},
    {cframe = 563.579956, 324.103607, -168.105652, -0.98319, 0.0520199388, -0.17501758, 0.0216656569, 0.985021532, 0.171064541, 0.181294844, 0.164397091, -0.969590425, fov = 70},
    {cframe = 563.566284, 324.108459, -168.102341, -0.98319, 0.0520199388, -0.17501758, 0.0216656569, 0.985021532, 0.171064541, 0.181294844, 0.164397091, -0.969590425, fov = 70},
    {cframe = 563.593689, 324.098755, -168.108978, -0.98319, 0.0520199388, -0.17501758, 0.0216656569, 0.985021532, 0.171064541, 0.181294844, 0.164397091, -0.969590425, fov = 70},
    {cframe = 563.614136, 324.091492, -168.113968, -0.98319, 0.0520199388, -0.17501758, 0.0216656569, 0.985021532, 0.171064541, 0.181294844, 0.164397091, -0.969590425, fov = 70},
    {cframe = 563.614136, 324.091492, -168.113968, -0.98319, 0.0520199388, -0.17501758, 0.0216656569, 0.985021532, 0.171064541, 0.181294844, 0.164397091, -0.969590425, fov = 70},
    {cframe = 563.609558, 324.093109, -168.112854, -0.98319, 0.0520199388, -0.17501758, 0.0216656569, 0.985021532, 0.171064541, 0.181294844, 0.164397091, -0.969590425, fov = 70},
    {cframe = 563.59137, 324.099579, -168.108429, -0.98319, 0.0520199388, -0.17501758, 0.0216656569, 0.985021532, 0.171064541, 0.181294844, 0.164397091, -0.969590425, fov = 70},
    {cframe = 563.57312, 324.106049, -168.103989, -0.98319, 0.0520199388, -0.17501758, 0.0216656569, 0.985021532, 0.171064541, 0.181294844, 0.164397091, -0.969590425, fov = 70},
    {cframe = 563.566284, 324.108459, -168.102341, -0.98319, 0.0520199388, -0.17501758, 0.0216656569, 0.985021532, 0.171064541, 0.181294844, 0.164397091, -0.969590425, fov = 70},
    {cframe = 563.593689, 324.098755, -168.108978, -0.98319, 0.0520199388, -0.17501758, 0.0216656569, 0.985021532, 0.171064541, 0.181294844, 0.164397091, -0.969590425, fov = 70},
    {cframe = 563.6073, 324.093903, -168.112305, -0.98319, 0.0520199388, -0.17501758, 0.0216656569, 0.985021532, 0.171064541, 0.181294844, 0.164397091, -0.969590425, fov = 70},
    {cframe = 563.579956, 324.103638, -168.105652, -0.98319, 0.0520199388, -0.17501758, 0.0216656569, 0.985021532, 0.171064541, 0.181294844, 0.164397091, -0.969590425, fov = 70},
    {cframe = 563.566284, 324.108459, -168.102341, -0.98319, 0.0520199388, -0.17501758, 0.0216656569, 0.985021532, 0.171064541, 0.181294844, 0.164397091, -0.969590425, fov = 70},
    {cframe = 563.593689, 324.098755, -168.108978, -0.98319, 0.0520199388, -0.17501758, 0.0216656569, 0.985021532, 0.171064541, 0.181294844, 0.164397091, -0.969590425, fov = 70},
    {cframe = 563.6073, 324.093903, -168.112305, -0.98319, 0.0520199388, -0.17501758, 0.0216656569, 0.985021532, 0.171064541, 0.181294844, 0.164397091, -0.969590425, fov = 70},
    {cframe = 563.57312, 324.106049, -168.103989, -0.98319, 0.0520199388, -0.17501758, 0.0216656569, 0.985021532, 0.171064541, 0.181294844, 0.164397091, -0.969590425, fov = 70},
    {cframe = 563.566284, 324.108459, -168.102341, -0.98319, 0.0520199388, -0.17501758, 0.0216656569, 0.985021532, 0.171064541, 0.181294844, 0.164397091, -0.969590425, fov = 70},
    {cframe = 563.593689, 324.098755, -168.108978, -0.98319, 0.0520199388, -0.17501758, 0.0216656569, 0.985021532, 0.171064541, 0.181294844, 0.164397091, -0.969590425, fov = 70},
    {cframe = 563.6073, 324.093903, -168.112305, -0.98319, 0.0520199388, -0.17501758, 0.0216656569, 0.985021532, 0.171064541, 0.181294844, 0.164397091, -0.969590425, fov = 70},
    {cframe = 563.579956, 324.103638, -168.105652, -0.98319, 0.0520199388, -0.17501758, 0.0216656569, 0.985021532, 0.171064541, 0.181294844, 0.164397091, -0.969590425, fov = 70},
    {cframe = 563.566284, 324.108459, -168.102341, -0.98319, 0.0520199388, -0.17501758, 0.0216656569, 0.985021532, 0.171064541, 0.181294844, 0.164397091, -0.969590425, fov = 70},
    {cframe = 563.593689, 324.098755, -168.108978, -0.98319, 0.0520199388, -0.17501758, 0.0216656569, 0.985021532, 0.171064541, 0.181294844, 0.164397091, -0.969590425, fov = 70},
    {cframe = 563.6073, 324.093903, -168.112305, -0.98319, 0.0520199388, -0.17501758, 0.0216656569, 0.985021532, 0.171064541, 0.181294844, 0.164397091, -0.969590425, fov = 70},
    {cframe = 563.579956, 324.103638, -168.105652, -0.98319, 0.0520199388, -0.17501758, 0.0216656569, 0.985021532, 0.171064541, 0.181294844, 0.164397091, -0.969590425, fov = 70},
    {cframe = 563.566284, 324.108459, -168.102341, -0.98319, 0.0520199388, -0.17501758, 0.0216656569, 0.985021532, 0.171064541, 0.181294844, 0.164397091, -0.969590425, fov = 70},
    {cframe = 563.593689, 324.098755, -168.108994, -0.98319, 0.0520199388, -0.17501758, 0.0216656569, 0.985021532, 0.171064541, 0.181294844, 0.164397091, -0.969590425, fov = 70},
    {cframe = 563.6073, 324.093903, -168.112305, -0.98319, 0.0520199388, -0.17501758, 0.0216656569, 0.985021532, 0.171064541, 0.181294844, 0.164397091, -0.969590425, fov = 70},
    {cframe = 563.579956, 324.103638, -168.105652, -0.98319, 0.0520199388, -0.17501758, 0.0216656569, 0.985021532, 0.171064541, 0.181294844, 0.164397091, -0.969590425, fov = 70},
    {cframe = 563.566284, 324.108459, -168.102341, -0.98319, 0.0520199388, -0.17501758, 0.0216656569, 0.985021532, 0.171064541, 0.181294844, 0.164397091, -0.969590425, fov = 70},
    {cframe = 563.593689, 324.098755, -168.108994, -0.98319, 0.0520199388, -0.17501758, 0.0216656569, 0.985021532, 0.171064541, 0.181294844, 0.164397091, -0.969590425, fov = 70},
    {cframe = 563.6073, 324.093903, -168.112305, -0.98319, 0.0520199388, -0.17501758, 0.0216656569, 0.985021532, 0.171064541, 0.181294844, 0.164397091, -0.969590425, fov = 70},
    {cframe = 563.579956, 324.103638, -168.105652, -0.98319, 0.0520199388, -0.17501758, 0.0216656569, 0.985021532, 0.171064541, 0.181294844, 0.164397091, -0.969590425, fov = 70},
    {cframe = 563.566345, 324.108459, -168.102341, -0.98319, 0.0520199388, -0.17501758, 0.0216656569, 0.985021532, 0.171064541, 0.181294844, 0.164397091, -0.969590425, fov = 70},
    {cframe = 563.593689, 324.098755, -168.108994, -0.98319, 0.0520199388, -0.17501758, 0.0216656569, 0.985021532, 0.171064541, 0.181294844, 0.164397091, -0.969590425, fov = 70},
    {cframe = 563.614136, 324.091492, -168.113968, -0.98319, 0.0520199388, -0.17501758, 0.0216656569, 0.985021532, 0.171064541, 0.181294844, 0.164397091, -0.969590425, fov = 70},
    {cframe = 563.614136, 324.091492, -168.113968, -0.98319, 0.0520199388, -0.17501758, 0.0216656569, 0.985021532, 0.171064541, 0.181294844, 0.164397091, -0.969590425, fov = 70},
    {cframe = 563.614136, 324.091492, -168.113968, -0.98319, 0.0520199388, -0.17501758, 0.0216656569, 0.985021532, 0.171064541, 0.181294844, 0.164397091, -0.969590425, fov = 70},
    {cframe = 563.6073, 324.093933, -168.112289, -0.98319, 0.0520199388, -0.17501758, 0.0216656569, 0.985021532, 0.171064541, 0.181294844, 0.164397091, -0.969590425, fov = 70},
    {cframe = 563.579956, 324.103638, -168.105652, -0.98319, 0.0520199388, -0.17501758, 0.0216656569, 0.985021532, 0.171064541, 0.181294844, 0.164397091, -0.969590425, fov = 70},
    {cframe = 563.566345, 324.108459, -168.102341, -0.98319, 0.0520199388, -0.17501758, 0.0216656569, 0.985021532, 0.171064541, 0.181294844, 0.164397091, -0.969590425, fov = 70},
    {cframe = 563.593689, 324.098755, -168.108994, -0.98319, 0.0520199388, -0.17501758, 0.0216656569, 0.985021532, 0.171064541, 0.181294844, 0.164397091, -0.969590425, fov = 70},
    {cframe = 563.6073, 324.093933, -168.112289, -0.98319, 0.0520199388, -0.17501758, 0.0216656569, 0.985021532, 0.171064541, 0.181294844, 0.164397091, -0.969590425, fov = 70},
    {cframe = 563.579956, 324.103638, -168.105652, -0.98319, 0.0520199388, -0.17501758, 0.0216656569, 0.985021532, 0.171064541, 0.181294844, 0.164397091, -0.969590425, fov = 70},
    {cframe = 563.566345, 324.108459, -168.102341, -0.98319, 0.0520199388, -0.17501758, 0.0216656569, 0.985021532, 0.171064541, 0.181294844, 0.164397091, -0.969590425, fov = 70},
    {cframe = 563.593689, 324.098755, -168.108994, -0.98319, 0.0520199388, -0.17501758, 0.0216656569, 0.985021532, 0.171064541, 0.181294844, 0.164397091, -0.969590425, fov = 70},
    {cframe = 563.6073, 324.093933, -168.112289, -0.98319, 0.0520199388, -0.17501758, 0.0216656569, 0.985021532, 0.171064541, 0.181294844, 0.164397091, -0.969590425, fov = 70},
    {cframe = 563.579956, 324.103638, -168.105652, -0.98319, 0.0520199388, -0.17501758, 0.0216656569, 0.985021532, 0.171064541, 0.181294844, 0.164397091, -0.969590425, fov = 70},
    {cframe = 563.566345, 324.108459, -168.102341, -0.98319, 0.0520199388, -0.17501758, 0.0216656569, 0.985021532, 0.171064541, 0.181294844, 0.164397091, -0.969590425, fov = 70},
    {cframe = 563.593689, 324.098755, -168.108994, -0.98319, 0.0520199388, -0.17501758, 0.0216656569, 0.985021532, 0.171064541, 0.181294844, 0.164397091, -0.969590425, fov = 70},
    {cframe = 563.6073, 324.093933, -168.112289, -0.98319, 0.0520199388, -0.17501758, 0.0216656569, 0.985021532, 0.171064541, 0.181294844, 0.164397091, -0.969590425, fov = 70},
    {cframe = 563.579895, 324.103638, -168.105652, -0.98319, 0.0520199388, -0.17501758, 0.0216656569, 0.985021532, 0.171064541, 0.181294844, 0.164397091, -0.969590425, fov = 70},
    {cframe = 563.566345, 324.108459, -168.102341, -0.98319, 0.0520199388, -0.17501758, 0.0216656569, 0.985021532, 0.171064541, 0.181294844, 0.164397091, -0.969590425, fov = 70},
    {cframe = 563.593689, 324.098755, -168.108994, -0.98319, 0.0520199388, -0.17501758, 0.0216656569, 0.985021532, 0.171064541, 0.181294844, 0.164397091, -0.969590425, fov = 70},
    {cframe = 563.6073, 324.093933, -168.112289, -0.98319, 0.0520199388, -0.17501758, 0.0216656569, 0.985021532, 0.171064541, 0.181294844, 0.164397091, -0.969590425, fov = 70},
    {cframe = 563.579895, 324.103638, -168.105652, -0.98319, 0.0520199388, -0.17501758, 0.0216656569, 0.985021532, 0.171064541, 0.181294844, 0.164397091, -0.969590425, fov = 70},
    {cframe = 563.562866, 324.10968, -168.101501, -0.98319, 0.0520199388, -0.17501758, 0.0216656569, 0.985021532, 0.171064541, 0.181294844, 0.164397091, -0.969590425, fov = 70},
    {cframe = 563.576538, 324.104828, -168.104828, -0.98319, 0.0520199388, -0.17501758, 0.0216656569, 0.985021532, 0.171064541, 0.181294844, 0.164397091, -0.969590425, fov = 70},
    {cframe = 563.590271, 324.099976, -168.108154, -0.98319, 0.0520199388, -0.17501758, 0.0216656569, 0.985021532, 0.171064541, 0.181294844, 0.164397091, -0.969590425, fov = 70},
    {cframe = 563.603943, 324.095123, -168.111481, -0.98319, 0.0520199388, -0.17501758, 0.0216656569, 0.985021532, 0.171064541, 0.181294844, 0.164397091, -0.969590425, fov = 70},
    {cframe = 563.6073, 324.093933, -168.112289, -0.98319, 0.0520199388, -0.17501758, 0.0216656569, 0.985021532, 0.171064541, 0.181294844, 0.164397091, -0.969590425, fov = 70},
    {cframe = 563.579895, 324.103638, -168.105637, -0.98319, 0.0520199388, -0.17501758, 0.0216656569, 0.985021532, 0.171064541, 0.181294844, 0.164397091, -0.969590425, fov = 70},
    {cframe = 563.566345, 324.108459, -168.102341, -0.98319, 0.0520199388, -0.17501758, 0.0216656569, 0.985021532, 0.171064541, 0.181294844, 0.164397091, -0.969590425, fov = 70},
    {cframe = 563.593689, 324.098755, -168.108994, -0.98319, 0.0520199388, -0.17501758, 0.0216656569, 0.985021532, 0.171064541, 0.181294844, 0.164397091, -0.969590425, fov = 70},
    {cframe = 563.6073, 324.093933, -168.112289, -0.98319, 0.0520199388, -0.17501758, 0.0216656569, 0.985021532, 0.171064541, 0.181294844, 0.164397091, -0.969590425, fov = 70},
    {cframe = 563.579895, 324.103638, -168.105637, -0.98319, 0.0520199388, -0.17501758, 0.0216656569, 0.985021532, 0.171064541, 0.181294844, 0.164397091, -0.969590425, fov = 70},
    {cframe = 563.560425, 324.129578, -168.097549, -0.98319, 0.0520199388, -0.17501758, 0.0216656569, 0.985021532, 0.171064541, 0.181294844, 0.164397091, -0.969590425, fov = 70},
    {cframe = 563.560425, 324.129578, -168.097549, -0.98319, 0.0520199388, -0.17501758, 0.0216656569, 0.985021532, 0.171064541, 0.181294844, 0.164397091, -0.969590425, fov = 70},
    {cframe = 562.560486, 324.775452, -167.794846, -0.939755499, 0.0985787362, -0.327324867, 0.00873468816, 0.964130819, 0.265284777, 0.341735333, 0.246443748, -0.906908035, fov = 70},
    {cframe = 559.613464, 326.698761, -166.855652, -0.70383954, 0.322291464, -0.633038759, -0.114978097, 0.827715456, 0.549242496, 0.700992048, 0.459364176, -0.545522332, fov = 70},
    {cframe = 559.605286, 326.704407, -166.840439, -0.699033022, 0.332551748, -0.633057594, -0.10287296, 0.829308927, 0.549238741, 0.70765084, 0.4490605, -0.545503974, fov = 70},
    {cframe = 559.601318, 326.706512, -166.833755, -0.69546926, 0.340007812, -0.63302207, -0.0939737484, 0.830360174, 0.549245894, 0.712384224, 0.4414711, -0.545538127, fov = 70},
    {cframe = 559.609985, 326.698059, -166.852341, -0.69581151, 0.339306861, -0.63302213, -0.0948103443, 0.830264866, 0.549245715, 0.711938977, 0.442188501, -0.545538187, fov = 70},
    {cframe = 559.614319, 326.693848, -166.861572, -0.695981145, 0.338958681, -0.633022189, -0.0952257514, 0.830217659, 0.549245894, 0.711717725, 0.442544818, -0.545538187, fov = 70},
    {cframe = 559.605652, 326.702301, -166.842987, -0.695639253, 0.33965981, -0.633022189, -0.0943893269, 0.830313027, 0.549245954, 0.712163329, 0.441827565, -0.545538008, fov = 70},
    {cframe = 559.601318, 326.706512, -166.833755, -0.69546932, 0.340007842, -0.63302213, -0.0939738154, 0.830360174, 0.549245954, 0.712384164, 0.441471219, -0.545538068, fov = 70},
    {cframe = 559.609985, 326.698059, -166.852341, -0.69581151, 0.339306802, -0.63302213, -0.0948104039, 0.830264866, 0.549245715, 0.711938977, 0.442188531, -0.545538187, fov = 70},
    {cframe = 559.614319, 326.693848, -166.861572, -0.695981145, 0.33895874, -0.633022189, -0.0952257067, 0.830217659, 0.549245894, 0.711717725, 0.442544788, -0.545538187, fov = 70},
    {cframe = 559.605652, 326.702301, -166.842987, -0.695639253, 0.33965987, -0.633022189, -0.0943892747, 0.830313027, 0.549245954, 0.712163329, 0.441827536, -0.545538008, fov = 70},
    {cframe = 559.601318, 326.706512, -166.833755, -0.69546932, 0.340007812, -0.63302213, -0.0939738676, 0.830360174, 0.549245954, 0.712384164, 0.441471249, -0.545538068, fov = 70},
    {cframe = 559.609985, 326.698059, -166.852341, -0.69581151, 0.339306772, -0.63302213, -0.0948104486, 0.830264866, 0.549245715, 0.711938977, 0.442188591, -0.545538187, fov = 70},
    {cframe = 559.614319, 326.693848, -166.861572, -0.695981145, 0.33895871, -0.63302213, -0.0952256322, 0.830217659, 0.549245775, 0.711717784, 0.442544669, -0.545538247, fov = 70},
    {cframe = 559.605652, 326.702301, -166.842987, -0.695639253, 0.33965987, -0.633022189, -0.0943892226, 0.830313027, 0.549245954, 0.712163329, 0.441827536, -0.545538068, fov = 70},
    {cframe = 559.601318, 326.706512, -166.833755, -0.69546932, 0.340007842, -0.63302213, -0.0939739048, 0.830360174, 0.549246013, 0.712384164, 0.441471308, -0.545538068, fov = 70},
    {cframe = 559.609985, 326.698059, -166.852341, -0.69581151, 0.339306772, -0.63302213, -0.0948104635, 0.830264866, 0.549245715, 0.711938977, 0.442188591, -0.545538187, fov = 70},
    {cframe = 559.612122, 326.695953, -166.856918, -0.695895851, 0.339133978, -0.63302201, -0.095016472, 0.830241382, 0.549245775, 0.711829007, 0.442365378, -0.545538306, fov = 70},
    {cframe = 559.605652, 326.702301, -166.842987, -0.695639253, 0.33965987, -0.633022189, -0.0943892151, 0.830313027, 0.549245954, 0.712163329, 0.441827536, -0.545538068, fov = 70},
    {cframe = 559.601318, 326.706512, -166.833755, -0.69546932, 0.340007812, -0.63302213, -0.0939739347, 0.830360174, 0.549246013, 0.712384164, 0.441471308, -0.545538068, fov = 70},
    {cframe = 559.609985, 326.698059, -166.852341, -0.69581151, 0.339306742, -0.63302213, -0.0948104933, 0.830264866, 0.549245656, 0.711938977, 0.442188591, -0.545538187, fov = 70},
    {cframe = 559.614319, 326.693848, -166.861572, -0.695981145, 0.33895877, -0.63302213, -0.09522558, 0.830217659, 0.549245775, 0.711717784, 0.442544639, -0.545538247, fov = 70},
    {cframe = 559.603455, 326.704437, -166.838333, -0.69555372, 0.339835107, -0.63302213, -0.0941799581, 0.830336988, 0.549245954, 0.712274492, 0.441648096, -0.545538187, fov = 70},
    {cframe = 559.601318, 326.706512, -166.833755, -0.69546932, 0.340007752, -0.63302213, -0.0939739421, 0.830360174, 0.549245954, 0.712384164, 0.441471279, -0.545538068, fov = 70},
    {cframe = 559.609985, 326.698059, -166.852341, -0.69581157, 0.339306712, -0.633022189, -0.0948105231, 0.830264866, 0.549245656, 0.711938918, 0.442188591, -0.545538187, fov = 70},
    {cframe = 559.614319, 326.693848, -166.861572, -0.695981145, 0.33895877, -0.63302213, -0.0952255577, 0.830217659, 0.549245834, 0.711717784, 0.442544639, -0.545538247, fov = 70},
    {cframe = 559.605652, 326.702301, -166.842972, -0.695639253, 0.339659899, -0.633022189, -0.0943891108, 0.830313027, 0.549245894, 0.712163329, 0.441827387, -0.545538127, fov = 70},
    {cframe = 559.600586, 326.707214, -166.832199, -0.69544059, 0.340066522, -0.63302213, -0.0939037129, 0.830368161, 0.549246013, 0.712421417, 0.441411108, -0.545538127, fov = 70},
    {cframe = 559.606384, 326.701569, -166.844589, -0.695668995, 0.339599192, -0.63302201, -0.0944613814, 0.830304921, 0.549245894, 0.712124646, 0.441889495, -0.545538306, fov = 70},
    {cframe = 559.612183, 326.695953, -166.856979, -0.695896745, 0.339131922, -0.633022249, -0.0950191468, 0.830241442, 0.549245834, 0.711827934, 0.442367643, -0.545538127, fov = 70},
    {cframe = 559.614319, 326.693848, -166.861572, -0.695981145, 0.33895883, -0.633022189, -0.0952254981, 0.830217659, 0.549245775, 0.711717784, 0.44254452, -0.545538306, fov = 70},
    {cframe = 559.605652, 326.702301, -166.842972, -0.695639014, 0.339660019, -0.633022308, -0.0943891406, 0.830312967, 0.549245834, 0.712163508, 0.441827267, -0.545537889, fov = 70},
    {cframe = 559.601318, 326.706512, -166.833755, -0.69546932, 0.340007693, -0.633022189, -0.0939740613, 0.830360174, 0.549245954, 0.712384105, 0.441471398, -0.545538068, fov = 70},
    {cframe = 559.609985, 326.698059, -166.852341, -0.69581157, 0.339306712, -0.633022189, -0.0948106721, 0.830264866, 0.549245834, 0.711938918, 0.442188799, -0.545538068, fov = 70},
    {cframe = 559.614319, 326.693848, -166.861572, -0.695981145, 0.338958859, -0.633022189, -0.0952254608, 0.830217659, 0.549245775, 0.711717784, 0.44254452, -0.545538306, fov = 70},
    {cframe = 559.605652, 326.702301, -166.842972, -0.695639253, 0.339659989, -0.63302213, -0.0943890214, 0.830313027, 0.549245894, 0.712163389, 0.441827327, -0.545538127, fov = 70},
    {cframe = 559.601318, 326.706512, -166.833755, -0.69546932, 0.340007663, -0.633022189, -0.0939740911, 0.830360174, 0.549245954, 0.712384105, 0.441471398, -0.545538068, fov = 70},
    {cframe = 559.609985, 326.698059, -166.852341, -0.695811868, 0.339306533, -0.633021891, -0.0948105529, 0.830265105, 0.549245834, 0.71193862, 0.442188948, -0.545538425, fov = 70},
    {cframe = 559.614319, 326.693848, -166.861572, -0.695981145, 0.338958919, -0.63302213, -0.0952254012, 0.830217659, 0.549245775, 0.711717844, 0.44254449, -0.545538306, fov = 70},
    {cframe = 559.605652, 326.702301, -166.842972, -0.695639253, 0.339660019, -0.63302213, -0.0943889543, 0.830313027, 0.549245834, 0.712163389, 0.441827238, -0.545538127, fov = 70},
    {cframe = 559.601318, 326.706512, -166.833755, -0.695469737, 0.340007454, -0.633021832, -0.0939740017, 0.830359876, 0.549245834, 0.712383747, 0.441471398, -0.545538425, fov = 70},
    {cframe = 559.609985, 326.698059, -166.852356, -0.69581157, 0.339306623, -0.633022189, -0.0948107615, 0.830264866, 0.549245775, 0.711938918, 0.442188889, -0.545538068, fov = 70},
    {cframe = 559.614319, 326.693848, -166.861572, -0.695981145, 0.338958949, -0.63302213, -0.0952253565, 0.830217659, 0.549245834, 0.711717844, 0.44254449, -0.545538306, fov = 70},
    {cframe = 559.605652, 326.702301, -166.842972, -0.695639253, 0.339660019, -0.63302201, -0.09438885, 0.830313146, 0.549245954, 0.71216327, 0.441827297, -0.545538247, fov = 70},
    {cframe = 559.601318, 326.706512, -166.833755, -0.695469737, 0.340007395, -0.633021832, -0.0939740464, 0.830359876, 0.549245834, 0.712383747, 0.441471457, -0.545538425, fov = 70},
    {cframe = 559.612183, 326.695923, -166.856995, -0.695897281, 0.339131176, -0.63302207, -0.0950198174, 0.830240905, 0.549245775, 0.711827278, 0.442368239, -0.545538306, fov = 70},
    {cframe = 559.614319, 326.693848, -166.861572, -0.695981145, 0.338958949, -0.63302213, -0.0952253267, 0.830217659, 0.549245834, 0.711717844, 0.44254446, -0.545538306, fov = 70},
    {cframe = 559.605652, 326.702301, -166.842972, -0.695638955, 0.339660108, -0.633022308, -0.0943889394, 0.830312967, 0.549245834, 0.712163508, 0.441827148, -0.545537889, fov = 70},
    {cframe = 559.601318, 326.706512, -166.833755, -0.695469737, 0.340007454, -0.633021951, -0.0939740837, 0.830360234, 0.549246013, 0.712383747, 0.441471606, -0.545538306, fov = 70},
    {cframe = 559.609985, 326.698059, -166.852356, -0.69581157, 0.339306563, -0.633022249, -0.0948108286, 0.830264866, 0.549245775, 0.711938858, 0.442188889, -0.545538068, fov = 70},
    {cframe = 559.614319, 326.693848, -166.861557, -0.695981145, 0.338959008, -0.63302213, -0.095225282, 0.830217659, 0.549245834, 0.711717844, 0.44254443, -0.545538306, fov = 70},
    {cframe = 559.605652, 326.702301, -166.842972, -0.695638955, 0.339660138, -0.633022249, -0.0943888947, 0.830312967, 0.549245834, 0.712163568, 0.441827089, -0.545537949, fov = 70},
    {cframe = 559.601318, 326.706512, -166.833755, -0.695469737, 0.340007395, -0.633021951, -0.0939741358, 0.830360234, 0.549246013, 0.712383747, 0.441471666, -0.545538306, fov = 70},
    {cframe = 559.609985, 326.698059, -166.852356, -0.695811927, 0.339306474, -0.633021891, -0.0948107839, 0.830265105, 0.549245954, 0.71193856, 0.442189217, -0.545538306, fov = 70},
    {cframe = 559.614319, 326.693848, -166.861557, -0.695981264, 0.338958979, -0.633021832, -0.0952251703, 0.830217421, 0.549245834, 0.711717665, 0.44254443, -0.545538485, fov = 70},
    {cframe = 559.605591, 326.702301, -166.842972, -0.695638955, 0.339660197, -0.633022249, -0.09438885, 0.830312967, 0.549245894, 0.712163568, 0.441827089, -0.545537949, fov = 70},
    {cframe = 559.601318, 326.706512, -166.833755, -0.695469737, 0.340007365, -0.633021951, -0.093974188, 0.830360234, 0.549245954, 0.712383747, 0.441471666, -0.545538306, fov = 70},
    {cframe = 559.609985, 326.698059, -166.852356, -0.695811927, 0.339306444, -0.633021891, -0.0948108286, 0.830265105, 0.549245954, 0.71193856, 0.442189217, -0.545538306, fov = 70},
    {cframe = 559.615051, 326.693146, -166.863129, -0.696009934, 0.33890003, -0.633021951, -0.0952954739, 0.830209434, 0.549245775, 0.711680293, 0.442604661, -0.545538366, fov = 70},
    {cframe = 559.609253, 326.698792, -166.850739, -0.695781827, 0.339367658, -0.633022249, -0.094738014, 0.83027333, 0.549245954, 0.711977661, 0.442126632, -0.545538068, fov = 70},
    {cframe = 559.603455, 326.704407, -166.838333, -0.69555378, 0.339834929, -0.633022189, -0.0941802636, 0.830336988, 0.549246013, 0.712274492, 0.441648334, -0.545538068, fov = 70},
    {cframe = 559.601318, 326.706512, -166.833755, -0.695469737, 0.340007335, -0.633021951, -0.0939742476, 0.830360234, 0.549246013, 0.712383747, 0.441471756, -0.545538306, fov = 70},
    {cframe = 559.609985, 326.698059, -166.852356, -0.695811927, 0.339306384, -0.633021891, -0.0948108733, 0.830265105, 0.549245954, 0.71193856, 0.442189246, -0.545538306, fov = 70},
    {cframe = 559.614319, 326.693848, -166.861557, -0.695981085, 0.338959068, -0.63302207, -0.0952250957, 0.830217659, 0.549245775, 0.711717904, 0.442544252, -0.545538366, fov = 70},
    {cframe = 559.605591, 326.702301, -166.842972, -0.695638955, 0.339660287, -0.633022249, -0.0943887308, 0.830312967, 0.549245834, 0.712163568, 0.441826999, -0.545538008, fov = 70},
    {cframe = 559.601318, 326.706512, -166.833771, -0.695469737, 0.340007246, -0.633021951, -0.0939743072, 0.830359876, 0.549245894, 0.712383628, 0.441471666, -0.545538306, fov = 70},
    {cframe = 559.609985, 326.698059, -166.852356, -0.695811927, 0.339306325, -0.633021951, -0.0948109254, 0.830265105, 0.549245894, 0.7119385, 0.442189276, -0.545538247, fov = 70},
    {cframe = 559.614319, 326.693848, -166.861557, -0.695980847, 0.338959277, -0.633022189, -0.0952251703, 0.8302176, 0.549245834, 0.711718023, 0.442544252, -0.545538127, fov = 70},
    {cframe = 559.605591, 326.702301, -166.842972, -0.695638955, 0.339660287, -0.633022189, -0.0943886861, 0.830312967, 0.549245834, 0.712163627, 0.44182694, -0.545538008, fov = 70},
    {cframe = 559.601318, 326.706512, -166.833771, -0.695469797, 0.340007246, -0.633021891, -0.0939743593, 0.830359876, 0.549245954, 0.712383628, 0.441471756, -0.545538306, fov = 70},
    {cframe = 559.609985, 326.698059, -166.852356, -0.695811927, 0.339306295, -0.633021951, -0.0948109701, 0.830265105, 0.549245894, 0.7119385, 0.442189306, -0.545538247, fov = 70},
    {cframe = 559.614319, 326.693848, -166.861557, -0.695980847, 0.338959306, -0.63302213, -0.095225133, 0.8302176, 0.549245894, 0.711718082, 0.442544252, -0.545538127, fov = 70},
    {cframe = 559.605591, 326.702301, -166.842972, -0.695638955, 0.339660347, -0.633022189, -0.0943886414, 0.830312967, 0.549245894, 0.712163627, 0.44182694, -0.545538008, fov = 70},
    {cframe = 559.601318, 326.706512, -166.833771, -0.695469797, 0.340007186, -0.633021891, -0.0939743966, 0.830359876, 0.549245894, 0.712383628, 0.441471756, -0.545538306, fov = 70},
    {cframe = 559.609985, 326.698059, -166.852356, -0.695811749, 0.339306325, -0.633022189, -0.0948110819, 0.830265224, 0.549245894, 0.711938739, 0.442189306, -0.545538127, fov = 70},
    {cframe = 559.614319, 326.693848, -166.861557, -0.695981085, 0.338959157, -0.63302207, -0.0952249691, 0.830217659, 0.549245775, 0.711717904, 0.442544192, -0.545538366, fov = 70},
    {cframe = 559.605591, 326.702301, -166.842972, -0.695638955, 0.339660347, -0.633022189, -0.0943886265, 0.830312967, 0.549245894, 0.712163627, 0.44182691, -0.545538008, fov = 70},
    {cframe = 559.601318, 326.706512, -166.833771, -0.695469797, 0.340007216, -0.633021951, -0.0939744189, 0.830360234, 0.549246013, 0.712383687, 0.441471905, -0.545538247, fov = 70},
    {cframe = 559.609985, 326.698059, -166.852356, -0.695811749, 0.339306295, -0.633022189, -0.0948111191, 0.830265224, 0.549245894, 0.711938739, 0.442189306, -0.545538127, fov = 70},
    {cframe = 564.21698, 322.811798, -166.449448, -0.996739805, -0.023805216, -0.0770898908, -0.0106181176, 0.985874593, -0.167148441, 0.0799799562, -0.16578494, -0.982913196, fov = 70},
    {cframe = 564.21698, 322.811798, -166.449448, -0.996739805, -0.023805216, -0.0770898908, -0.0106181176, 0.985874593, -0.167148441, 0.0799799562, -0.16578494, -0.982913196, fov = 70},
    {cframe = 564.254395, 322.748291, -166.466217, -0.996715784, -0.0241312683, -0.0772995055, -0.0107025951, 0.985448778, -0.169634834, 0.0802681819, -0.168250412, -0.982470691, fov = 70},
    {cframe = 564.402527, 322.496857, -166.532654, -0.996615708, -0.0254308768, -0.0781675875, -0.0110254791, 0.983702958, -0.179463878, 0.0814575851, -0.177994698, -0.980654061, fov = 70},
    {cframe = 564.482971, 322.299866, -166.613846, -0.996470928, -0.0267345142, -0.0795665979, -0.0112669077, 0.981945097, -0.188831404, 0.0831783116, -0.18726851, -0.978780687, fov = 70},
    {cframe = 564.363098, 322.264008, -166.738831, -0.996204913, -0.0280281659, -0.0824007839, -0.0112977568, 0.980362952, -0.196877867, 0.0863007829, -0.195199773, -0.97695905, fov = 70},
    {cframe = 564.283875, 322.218842, -166.888611, -0.995893717, -0.029335659, -0.0856438875, -0.0112450235, 0.978800476, -0.204508454, 0.0898276269, -0.202705607, -0.975110829, fov = 70},
    {cframe = 564.32489, 322.146179, -167.111755, -0.995469332, -0.0306350235, -0.0900113359, -0.0110044423, 0.977432132, -0.210963085, 0.0944428146, -0.209016755, -0.973340809, fov = 70},
    {cframe = 564.313171, 322.077148, -167.32016, -0.995043039, -0.0318394527, -0.0942093283, -0.0107270088, 0.976196885, -0.216621175, 0.0988639295, -0.214536801, -0.971699417, fov = 70},
    {cframe = 564.145386, 322.01889, -167.48497, -0.994663417, -0.0326950885, -0.0978548527, -0.0104209716, 0.975446641, -0.219988674, 0.102644727, -0.21779494, -0.970581889, fov = 70},
    {cframe = 563.9776, 321.960663, -167.64978, -0.994268715, -0.0335627273, -0.101503596, -0.0101007568, 0.97468704, -0.223344713, 0.1064303, -0.2210394, -0.969439983, fov = 70},
    {cframe = 563.894897, 321.889404, -167.859009, -0.993789196, -0.0345310941, -0.105784662, -0.00969653204, 0.973890245, -0.226811603, 0.110854715, -0.2243772, -0.968176544, fov = 70},
    {cframe = 564.063721, 321.779694, -168.1996, -0.993072629, -0.0357795916, -0.111921646, -0.00906471349, 0.97300142, -0.230622604, 0.117151447, -0.228010446, -0.96658504, fov = 70},
    {cframe = 564.09906, 321.672699, -168.524933, -0.992308676, -0.0370195433, -0.118122295, -0.00839485787, 0.97216332, -0.234153569, 0.123502418, -0.231360987, -0.964996934, fov = 70},
    {cframe = 563.739929, 321.573792, -168.805145, -0.991484523, -0.038186457, -0.124499537, -0.00766920205, 0.971502721, -0.236903369, 0.129998162, -0.233931214, -0.963522971, fov = 70},
    {cframe = 563.492249, 321.474243, -169.100769, -0.990624726, -0.0393302515, -0.130826727, -0.00692796614, 0.970891893, -0.239418939, 0.136434972, -0.236267969, -0.962061703, fov = 70},
    {cframe = 563.57428, 321.372772, -169.441971, -0.989746749, -0.0403705128, -0.137008741, -0.00618299516, 0.970435739, -0.241279483, 0.142698795, -0.237958446, -0.96073544, fov = 70},
    {cframe = 563.577698, 321.271454, -169.761276, -0.988852978, -0.0413732156, -0.143031701, -0.00544385705, 0.970022917, -0.242951736, 0.148795739, -0.239464894, -0.959435344, fov = 70},
    {cframe = 563.348877, 321.170685, -170.015823, -0.987996161, -0.0422418714, -0.148590446, -0.00475035049, 0.969739616, -0.244095668, 0.154405072, -0.240459725, -0.958299577, fov = 70},
    {cframe = 563.214233, 321.076202, -170.272537, -0.987150788, -0.0430609919, -0.153879553, -0.00408417033, 0.969489813, -0.245097563, 0.159738794, -0.241319776, -0.957208455, fov = 70},
    {cframe = 563.358093, 321.000458, -170.535645, -0.986409605, -0.0437212996, -0.158380523, -0.00351472013, 0.969339967, -0.245698452, 0.164266825, -0.241802633, -0.956319928, fov = 70},
    {cframe = 563.398743, 320.93161, -170.761154, -0.985711873, -0.0443203002, -0.162504345, -0.00298942579, 0.969213605, -0.246203423, 0.168413207, -0.242199823, -0.955497861, fov = 70},
    {cframe = 563.134399, 320.883118, -170.875565, -0.985190928, -0.0447333679, -0.165522352, -0.00260147406, 0.969155192, -0.246435851, 0.17144081, -0.242355764, -0.954919636, fov = 70},
    {cframe = 562.953796, 320.842102, -170.978806, -0.984746039, -0.0450790264, -0.168056354, -0.00227535609, 0.969109952, -0.246618956, 0.173982397, -0.242474645, -0.954429686, fov = 70},
    {cframe = 563.020508, 320.823151, -171.049088, -0.98454994, -0.0452237949, -0.169162616, -0.00213406933, 0.969100118, -0.246657893, 0.175090328, -0.242486015, -0.954224169, fov = 70},
    {cframe = 563.081665, 320.809021, -171.103607, -0.984402776, -0.0453320257, -0.169987947, -0.00202878471, 0.969093323, -0.246686965, 0.175916955, -0.242494479, -0.954069912, fov = 70},
    {cframe = 563.126526, 320.809113, -171.111618, -0.984403789, -0.0453319587, -0.169982046, -0.00203021732, 0.969092906, -0.246686831, 0.175911218, -0.242494375, -0.954071045, fov = 70},
    {cframe = 563.150635, 320.809448, -171.116013, -0.984404445, -0.045331873, -0.169978753, -0.00203097705, 0.969093204, -0.246686742, 0.175907999, -0.2424943, -0.954071641, fov = 70},
    {cframe = 563.113647, 320.810577, -171.109711, -0.984403849, -0.0453315228, -0.169982105, -0.00202987483, 0.969093144, -0.24668628, 0.175911173, -0.242493898, -0.954071164, fov = 70},
    {cframe = 563.095337, 320.811127, -171.106598, -0.98440361, -0.0453317761, -0.169983521, -0.00202988554, 0.969093502, -0.246685654, 0.175912604, -0.242493212, -0.954071105, fov = 70},
    {cframe = 563.132385, 320.809998, -171.1129, -0.984404147, -0.0453338511, -0.169979736, -0.00203310512, 0.969093561, -0.246684417, 0.175909445, -0.242491588, -0.954072058, fov = 70},
    {cframe = 563.150635, 320.809448, -171.116013, -0.984404266, -0.0453356951, -0.169978589, -0.0020354765, 0.969094038, -0.246682972, 0.175908789, -0.242489785, -0.954072654, fov = 70},
    {cframe = 563.113647, 320.810577, -171.109711, -0.984403729, -0.0453363396, -0.169981405, -0.00203583017, 0.969094932, -0.246680662, 0.175911665, -0.242487326, -0.954072714, fov = 70},
    {cframe = 563.095337, 320.811127, -171.106598, -0.984403312, -0.0453363657, -0.169984072, -0.00203569094, 0.96909517, -0.24667795, 0.175914258, -0.24248454, -0.954073012, fov = 70},
    {cframe = 563.132385, 320.810028, -171.1129, -0.984402835, -0.0453346744, -0.169986963, -0.0020340099, 0.969096184, -0.246674076, 0.175916627, -0.242480934, -0.954073429, fov = 70},
    {cframe = 563.150635, 320.809448, -171.116013, -0.984402776, -0.0453326739, -0.169988036, -0.00203256798, 0.969097137, -0.246669799, 0.175917149, -0.242476925, -0.954074383, fov = 70},
    {cframe = 563.113647, 320.810577, -171.109711, -0.984403849, -0.0453296341, -0.169982627, -0.00203196611, 0.969098985, -0.246664166, 0.175911158, -0.242471755, -0.954076827, fov = 70},
    {cframe = 563.104614, 320.810852, -171.10817, -0.984404504, -0.0453270972, -0.169979349, -0.00203181058, 0.969100714, -0.246655896, 0.175907344, -0.242463827, -0.954079509, fov = 70},
    {cframe = 563.132385, 320.810028, -171.1129, -0.984404564, -0.0453265756, -0.169979319, -0.00203239871, 0.969102621, -0.246649966, 0.175907165, -0.242457896, -0.954081059, fov = 70},
    {cframe = 563.153809, 320.809387, -171.116547, -0.984404385, -0.0453256704, -0.169980556, -0.00203261571, 0.969104528, -0.246642306, 0.175908118, -0.242450252, -0.954082847, fov = 70},
    {cframe = 563.129089, 320.81012, -171.11235, -0.98440367, -0.0453240983, -0.169985175, -0.00203120662, 0.969106376, -0.246635288, 0.175912201, -0.242443398, -0.9540838, fov = 70},
    {cframe = 563.104431, 320.810852, -171.108139, -0.984403014, -0.0453224592, -0.169989318, -0.00202985667, 0.969108343, -0.246628225, 0.175915807, -0.242436513, -0.954084873, fov = 70},
    {cframe = 563.095337, 320.811157, -171.106598, -0.984402716, -0.0453203656, -0.169991672, -0.00202881219, 0.969110131, -0.246619508, 0.175917551, -0.242428035, -0.954086721, fov = 70},
    {cframe = 563.132324, 320.810028, -171.1129, -0.984403253, -0.0453170314, -0.169989571, -0.00202856353, 0.969113648, -0.246605903, 0.175914675, -0.242414817, -0.954090595, fov = 70},
    {cframe = 563.150696, 320.809479, -171.116028, -0.98440367, -0.0453149304, -0.169987321, -0.00202971697, 0.969117224, -0.246591464, 0.175911948, -0.242400527, -0.954094768, fov = 70},
    {cframe = 563.113647, 320.810608, -171.109711, -0.984403491, -0.0453169011, -0.169988185, -0.00203457475, 0.969121754, -0.246574491, 0.17591323, -0.242382929, -0.954099, fov = 70},
    {cframe = 563.095337, 320.811157, -171.106598, -0.984403551, -0.0453172624, -0.169987366, -0.00203845184, 0.969125926, -0.246556491, 0.17591247, -0.2423646, -0.954103768, fov = 70},
    {cframe = 563.132324, 320.810028, -171.1129, -0.984404027, -0.0453134738, -0.169985965, -0.00203887839, 0.96913147, -0.246535867, 0.17591013, -0.24234432, -0.95410943, fov = 70},
    {cframe = 563.150696, 320.809479, -171.116028, -0.984404206, -0.045309633, -0.169985756, -0.00203916244, 0.969136953, -0.246514112, 0.175908953, -0.242322907, -0.954115033, fov = 70},
    {cframe = 563.113647, 320.810608, -171.109711, -0.984403193, -0.0453061201, -0.169992447, -0.00203860528, 0.969142973, -0.246489272, 0.175914511, -0.242298305, -0.954120219, fov = 70},
    {cframe = 563.095337, 320.811157, -171.106598, -0.984402478, -0.0453015193, -0.169997633, -0.00203756429, 0.969149709, -0.246463329, 0.175918341, -0.242272735, -0.954126, fov = 70},
    {cframe = 563.132324, 320.810059, -171.1129, -0.984402478, -0.0452939272, -0.169999972, -0.00203489186, 0.969157457, -0.246434122, 0.175918698, -0.242244422, -0.954133153, fov = 70},
    {cframe = 563.150696, 320.809509, -171.116028, -0.984402657, -0.045286607, -0.170000881, -0.0020331007, 0.969165087, -0.2464035, 0.175917715, -0.242214635, -0.954140902, fov = 70},
    {cframe = 563.113647, 320.810638, -171.109726, -0.984403193, -0.0452804863, -0.169999838, -0.00203363504, 0.969173729, -0.246369347, 0.175915122, -0.242181033, -0.954149961, fov = 70},
    {cframe = 563.095337, 320.811188, -171.106613, -0.98440367, -0.0452742539, -0.169998348, -0.0020344113, 0.969183028, -0.246333838, 0.175912082, -0.242146105, -0.954159319, fov = 70},
    {cframe = 563.132324, 320.810089, -171.112915, -0.984404206, -0.045267839, -0.169997007, -0.00203572656, 0.969192743, -0.246294305, 0.175909087, -0.242107093, -0.95416981, fov = 70},
    {cframe = 563.150696, 320.80954, -171.116043, -0.984404504, -0.0452611968, -0.169997111, -0.00203669816, 0.969202876, -0.246253401, 0.175907478, -0.242066726, -0.9541803, fov = 70},
    {cframe = 563.113647, 320.810669, -171.109741, -0.984404564, -0.0452534743, -0.169998646, -0.00203702971, 0.969214797, -0.24620828, 0.175906971, -0.242022276, -0.954191685, fov = 70},
    {cframe = 563.095337, 320.811218, -171.106613, -0.984404564, -0.0452457331, -0.170000687, -0.0020374856, 0.969226599, -0.246161699, 0.175906941, -0.241976336, -0.954203367, fov = 70},
    {cframe = 563.132324, 320.81012, -171.11293, -0.984404564, -0.0452377573, -0.170003101, -0.00203845347, 0.969239116, -0.246110573, 0.17590721, -0.241925836, -0.954216123, fov = 70},
    {cframe = 563.150696, 320.80957, -171.116043, -0.984404504, -0.0452300049, -0.170005277, -0.00203998527, 0.969252825, -0.246057928, 0.175907314, -0.241873726, -0.954229295, fov = 70},
    {cframe = 563.113647, 320.810699, -171.109741, -0.984404445, -0.0452229194, -0.170007244, -0.00204312499, 0.969267488, -0.246000379, 0.175907359, -0.241816536, -0.954243779, fov = 70},
    {cframe = 563.095337, 320.811279, -171.106628, -0.984404385, -0.0452145711, -0.170009881, -0.00204516784, 0.969282389, -0.245941147, 0.175907746, -0.241757855, -0.954258561, fov = 70},
    {cframe = 563.132324, 320.810181, -171.11293, -0.984404385, -0.0452023335, -0.17001313, -0.00204413827, 0.96929872, -0.245876953, 0.175907746, -0.241694838, -0.954274595, fov = 70},
    {cframe = 563.150696, 320.809631, -171.116058, -0.984404385, -0.0451894253, -0.170016497, -0.00204276992, 0.969315529, -0.245810896, 0.175907701, -0.241630018, -0.954290986, fov = 70},
    {cframe = 563.113647, 320.81076, -171.109756, -0.984403968, -0.0451749638, -0.170023009, -0.00204004534, 0.969333708, -0.245739594, 0.175910324, -0.241560176, -0.954308152, fov = 70},
    {cframe = 563.095337, 320.81134, -171.106628, -0.98440367, -0.0451613888, -0.170028284, -0.00203887373, 0.969352186, -0.245666325, 0.175911933, -0.241488159, -0.954326034, fov = 70},
    {cframe = 563.132324, 320.810242, -171.112946, -0.984404325, -0.0451502316, -0.170027703, -0.002042579, 0.969372034, -0.245587379, 0.175908461, -0.241409987, -0.954346538, fov = 70},
    {cframe = 563.153809, 320.809601, -171.116608, -0.984404504, -0.0451395512, -0.170029074, -0.00204528868, 0.969390512, -0.245513782, 0.175907016, -0.241337121, -0.954365194, fov = 70},
    {cframe = 563.129089, 320.810364, -171.112396, -0.984404445, -0.0451297946, -0.170032084, -0.0020455718, 0.969405651, -0.24545604, 0.175907418, -0.241280213, -0.954379499, fov = 70},
    {cframe = 563.104431, 320.811096, -171.1082, -0.984404564, -0.0451198928, -0.17003417, -0.00204597134, 0.969419837, -0.245398149, 0.175906897, -0.241223171, -0.954394042, fov = 70},
    {cframe = 563.095337, 320.811401, -171.106659, -0.984404564, -0.0451079533, -0.17003721, -0.00204584491, 0.969436884, -0.24533096, 0.175906762, -0.24115704, -0.954410732, fov = 70},
    {cframe = 563.132324, 320.810303, -171.112961, -0.984404683, -0.0450897627, -0.170041651, -0.00204433082, 0.969461083, -0.245235965, 0.17590642, -0.241063803, -0.954434335, fov = 70},
    {cframe = 563.150696, 320.809753, -171.116089, -0.984404743, -0.045071885, -0.170046106, -0.00204352569, 0.969485641, -0.245138794, 0.175906152, -0.240968302, -0.954458594, fov = 70},
    {cframe = 563.113647, 320.810913, -171.109787, -0.984404683, -0.0450549684, -0.170050815, -0.00204479694, 0.969511867, -0.245035142, 0.17590636, -0.24086602, -0.954484284, fov = 70},
    {cframe = 563.095276, 320.811493, -171.106674, -0.984404624, -0.045037996, -0.170055598, -0.00204642978, 0.969538689, -0.244929135, 0.175906613, -0.240761369, -0.954510689, fov = 70},
    {cframe = 563.132324, 320.810394, -171.112976, -0.984404087, -0.0450211912, -0.17006287, -0.00204884098, 0.969567001, -0.244816437, 0.175909311, -0.240649894, -0.954538286, fov = 70},
    {cframe = 563.150696, 320.809845, -171.116104, -0.984403789, -0.045002874, -0.170069665, -0.00205030991, 0.969596326, -0.244701415, 0.175911173, -0.240536302, -0.954566538, fov = 70},
    {cframe = 563.113647, 320.811005, -171.109818, -0.984404325, -0.0449797288, -0.170072511, -0.00204930222, 0.969627142, -0.24457936, 0.175908014, -0.240416452, -0.954597354, fov = 70},
    {cframe = 563.095276, 320.811584, -171.106689, -0.984404802, -0.0449576154, -0.170075968, -0.00204961468, 0.969658136, -0.244454771, 0.175905704, -0.24029386, -0.954628646, fov = 70},
    {cframe = 563.132324, 320.810486, -171.113007, -0.984404683, -0.0449386016, -0.170081332, -0.00205384265, 0.969691753, -0.244322956, 0.175905988, -0.240163371, -0.954661429, fov = 70},
    {cframe = 563.150696, 320.809967, -171.11615, -0.984404683, -0.044917766, -0.170086995, -0.0020566904, 0.969725251, -0.244188517, 0.175906107, -0.240030512, -0.954694867, fov = 70},
    {cframe = 563.113647, 320.811096, -171.109848, -0.984404802, -0.0448915511, -0.170093253, -0.00205547363, 0.969761252, -0.244046554, 0.175905466, -0.239890993, -0.954730034, fov = 70},
    {cframe = 563.095276, 320.811676, -171.10672, -0.984404802, -0.0448652692, -0.170100048, -0.00205456093, 0.969797492, -0.243901879, 0.175905347, -0.239748701, -0.954765797, fov = 70},
    {cframe = 563.132324, 320.810608, -171.113037, -0.984404922, -0.0448386036, -0.170106351, -0.00205481565, 0.969835758, -0.24374941, 0.175904647, -0.239598617, -0.954803586, fov = 70},
    {cframe = 563.150635, 320.810089, -171.11618, -0.984404743, -0.0448118299, -0.170114383, -0.00205505453, 0.969874859, -0.243594155, 0.175905585, -0.239445671, -0.954841793, fov = 70},
    {cframe = 563.113647, 320.811218, -171.109879, -0.98440367, -0.0447848216, -0.170127824, -0.00205521518, 0.969915926, -0.243430838, 0.175911695, -0.239284575, -0.954881072, fov = 70},
    {cframe = 563.104553, 320.811554, -171.108322, -0.984403431, -0.0447502956, -0.170138285, -0.00205730181, 0.969968736, -0.243220836, 0.175913006, -0.239077404, -0.95493269, fov = 70},
    {cframe = 563.132324, 320.81073, -171.113068, -0.984404206, -0.0447289832, -0.170139387, -0.00206017308, 0.970001161, -0.24308975, 0.175908625, -0.238948062, -0.95496583, fov = 70},
    {cframe = 563.150635, 320.810211, -171.116211, -0.984404922, -0.0446984321, -0.170143187, -0.00206185854, 0.970045686, -0.242912084, 0.175904512, -0.238773063, -0.955010414, fov = 70},
    {cframe = 563.113647, 320.811371, -171.109909, -0.9844051, -0.0446613394, -0.170152232, -0.00205737678, 0.970092535, -0.242725864, 0.175903887, -0.238590524, -0.955056131, fov = 70},
    {cframe = 563.095276, 320.811951, -171.106796, -0.98440516, -0.0446259454, -0.170161113, -0.002055177, 0.9701401, -0.24253656, 0.175903529, -0.238404542, -0.955102623, fov = 70},
    {cframe = 563.132263, 320.810883, -171.113113, -0.9844051, -0.044595588, -0.170169353, -0.00205978332, 0.97018981, -0.242338121, 0.175903738, -0.238208368, -0.955151558, fov = 70},
    {cframe = 563.150635, 320.810364, -171.116241, -0.98440516, -0.0445645787, -0.170176774, -0.00206452352, 0.970239758, -0.242136508, 0.175903022, -0.23800911, -0.955201387, fov = 70},
    {cframe = 563.113647, 320.811523, -171.109955, -0.9844051, -0.0445321575, -0.170185998, -0.00206914265, 0.970292211, -0.241925567, 0.175903678, -0.237800628, -0.955253124, fov = 70},
    {cframe = 563.095276, 320.812134, -171.106827, -0.9844051, -0.0444972552, -0.170195132, -0.00207192148, 0.970345497, -0.241711512, 0.175903648, -0.237589404, -0.955305696, fov = 70},
    {cframe = 563.132263, 320.811066, -171.113144, -0.984405279, -0.0444550849, -0.170204878, -0.00206912123, 0.970401406, -0.241487965, 0.175902441, -0.237369865, -0.955360472, fov = 70},
    {cframe = 563.150635, 320.810547, -171.116287, -0.984405339, -0.0444135182, -0.1702158, -0.00206723902, 0.970457911, -0.241261125, 0.175902531, -0.237146854, -0.955415905, fov = 70},
    {cframe = 563.113647, 320.811707, -171.109985, -0.984405398, -0.0443731956, -0.170225844, -0.00206863321, 0.970516562, -0.241024286, 0.175902054, -0.236913472, -0.9554739, fov = 70},
    {cframe = 563.092163, 320.812408, -171.106339, -0.984405339, -0.0443356521, -0.170236066, -0.00206946256, 0.97057128, -0.240805134, 0.175902486, -0.236697555, -0.955527246, fov = 70},
    {cframe = 563.116821, 320.811676, -171.11055, -0.9844051, -0.0443060957, -0.170245111, -0.00206883857, 0.970612884, -0.240638271, 0.175903782, -0.236533329, -0.955567777, fov = 70},
    {cframe = 563.141479, 320.810974, -171.114761, -0.984404802, -0.0442765579, -0.17025435, -0.00206818571, 0.97065407, -0.240471303, 0.175905302, -0.236368999, -0.95560807, fov = 70},
    {cframe = 563.150635, 320.81073, -171.116333, -0.984404802, -0.0442450494, -0.170262724, -0.00207031355, 0.970701158, -0.240279868, 0.175905466, -0.236180156, -0.95565474, fov = 70},
    {cframe = 563.113647, 320.81192, -171.110046, -0.9844051, -0.0442079306, -0.170270592, -0.00208045403, 0.970766544, -0.240015492, 0.175903618, -0.235918254, -0.955719829, fov = 70},
    {cframe = 563.095215, 320.8125, -171.106918, -0.984405279, -0.0441670492, -0.17027992, -0.00208719098, 0.970833063, -0.239747524, 0.175902307, -0.235653341, -0.955785394, fov = 70},
    {cframe = 563.132263, 320.811462, -171.113251, -0.984405458, -0.0441149026, -0.170292497, -0.00208395068, 0.970901608, -0.239469036, 0.175901428, -0.23537977, -0.955852926, fov = 70},
    {cframe = 563.150635, 320.810944, -171.116394, -0.984405518, -0.0440631807, -0.17030558, -0.00208171783, 0.970971227, -0.239186734, 0.175901145, -0.235102221, -0.955921352, fov = 70},
    {cframe = 563.113647, 320.812134, -171.110092, -0.984404445, -0.0440133438, -0.170324549, -0.00208193716, 0.971043646, -0.23889339, 0.175907046, -0.234813109, -0.955991268, fov = 70},
    {cframe = 563.095215, 320.812744, -171.106979, -0.984403968, -0.0439627767, -0.170340151, -0.00208295649, 0.971116543, -0.238596216, 0.175909474, -0.234520257, -0.956062675, fov = 70},
    {cframe = 563.132263, 320.811707, -171.113297, -0.984404385, -0.0439107642, -0.170351431, -0.00208564941, 0.9711923, -0.238287866, 0.175907388, -0.234216332, -0.956137598, fov = 70},
    {cframe = 563.150635, 320.811188, -171.116455, -0.984404922, -0.0438577831, -0.170361936, -0.00208830344, 0.971268713, -0.237975493, 0.175904319, -0.233908474, -0.956213534, fov = 70},
    {cframe = 563.113586, 320.812378, -171.110153, -0.984404862, -0.0438027754, -0.17037648, -0.00209007738, 0.971348464, -0.237651721, 0.175904676, -0.233589411, -0.956291437, fov = 70},
    {cframe = 563.095215, 320.812988, -171.10704, -0.9844051, -0.0437483415, -0.170388907, -0.0020936951, 0.971428216, -0.237323761, 0.175903112, -0.233265996, -0.956370652, fov = 70},
    {cframe = 563.132202, 320.811951, -171.113373, -0.984406054, -0.0436959453, -0.170396835, -0.00210258132, 0.971511364, -0.23698394, 0.175897673, -0.232930154, -0.956453502, fov = 70},
    {cframe = 563.150635, 320.811462, -171.116516, -0.98440671, -0.0436405763, -0.170407549, -0.00210859347, 0.971595228, -0.236640096, 0.175894231, -0.232590765, -0.95653677, fov = 70},
    {cframe = 563.113586, 320.812653, -171.110229, -0.984406292, -0.0435762741, -0.170426205, -0.0021061101, 0.971681833, -0.236284077, 0.175896406, -0.232240617, -0.956621408, fov = 70},
    {cframe = 563.095215, 320.813293, -171.107117, -0.984406233, -0.0435130931, -0.170442894, -0.00210596668, 0.971769214, -0.235923931, 0.175896943, -0.231886044, -0.956707299, fov = 70},
    {cframe = 563.132202, 320.812225, -171.113434, -0.98440665, -0.0434534922, -0.170455888, -0.00211253343, 0.971859634, -0.235551283, 0.175894707, -0.231518149, -0.956796885, fov = 70},
    {cframe = 563.150635, 320.811768, -171.116592, -0.984406769, -0.0433908105, -0.170471177, -0.00211628713, 0.971950829, -0.235174358, 0.175894007, -0.231146455, -0.956886828, fov = 70},
    {cframe = 563.113586, 320.812958, -171.110291, -0.984406114, -0.0433189459, -0.170493037, -0.00211172039, 0.972044945, -0.234784842, 0.175897539, -0.230763599, -0.956978619, fov = 70},
    {cframe = 563.095215, 320.813599, -171.107178, -0.984405577, -0.0432485901, -0.170513585, -0.00210975809, 0.972140133, -0.2343909, 0.175900161, -0.23037599, -0.957071483, fov = 70},
    {cframe = 563.132202, 320.812561, -171.11351, -0.984406114, -0.0431824215, -0.170527756, -0.0021158536, 0.972238183, -0.233983859, 0.175897583, -0.229974329, -0.957168579, fov = 70},
    {cframe = 563.150574, 320.812073, -171.116669, -0.984406233, -0.0431145392, -0.170544326, -0.00212050183, 0.972337127, -0.233572319, 0.175896928, -0.229568392, -0.957266152, fov = 70},
    {cframe = 563.113586, 320.813293, -171.110367, -0.984405398, -0.0430414826, -0.170567423, -0.00212092744, 0.972438872, -0.233147487, 0.175901443, -0.229149878, -0.957365572, fov = 70},
    {cframe = 563.095154, 320.813934, -171.107254, -0.984404922, -0.0429689176, -0.17058818, -0.00212322641, 0.972541928, -0.232718095, 0.175903782, -0.228726655, -0.957466364, fov = 70},
    {cframe = 563.141418, 320.812622, -171.115173, -0.984406233, -0.0428797826, -0.170603395, -0.00213330798, 0.972674251, -0.232164308, 0.175896689, -0.228180036, -0.95759809, fov = 70},
    {cframe = 563.150574, 320.812439, -171.116745, -0.98440665, -0.042823866, -0.170614913, -0.00213722792, 0.972754359, -0.231827393, 0.175894186, -0.227847785, -0.957677603, fov = 70},
    {cframe = 563.113586, 320.813629, -171.110458, -0.984406829, -0.0427426025, -0.170634449, -0.00213708938, 0.972864032, -0.231365904, 0.175893366, -0.227393508, -0.957785726, fov = 70},
    {cframe = 563.092041, 320.814362, -171.106812, -0.984406888, -0.0426682867, -0.17065236, -0.00213767705, 0.972965479, -0.23093985, 0.175892696, -0.226973996, -0.957885325, fov = 70},
    {cframe = 563.11676, 320.81369, -171.111038, -0.984406948, -0.0426146761, -0.170665547, -0.00214042445, 0.973041415, -0.23061952, 0.175892457, -0.226658151, -0.957960188, fov = 70},
    {cframe = 563.141418, 320.813019, -171.11525, -0.984406948, -0.0425610915, -0.170678943, -0.00214314461, 0.973117471, -0.23029916, 0.175892457, -0.226342306, -0.958034873, fov = 70},
    {cframe = 563.150574, 320.812805, -171.116821, -0.984406948, -0.0425004587, -0.170694113, -0.00214675977, 0.973203897, -0.229933694, 0.175892472, -0.225981876, -0.958119988, fov = 70},
    {cframe = 563.113525, 320.814026, -171.11055, -0.984407008, -0.0424187407, -0.170713887, -0.0021531214, 0.973321557, -0.229433835, 0.175891846, -0.225488707, -0.958236277, fov = 70},
    {cframe = 563.095154, 320.814667, -171.107437, -0.984406888, -0.0423339494, -0.170735493, -0.00215691119, 0.973440766, -0.228929028, 0.175892338, -0.224991068, -0.958353162, fov = 70},
    {cframe = 563.132141, 320.81366, -171.11377, -0.984406114, -0.042240113, -0.170763627, -0.00215292303, 0.973562896, -0.228409603, 0.175897136, -0.224480167, -0.958472073, fov = 70},
    {cframe = 563.150574, 320.813232, -171.116928, -0.984405756, -0.0421484411, -0.170788243, -0.0021528285, 0.973685622, -0.227884978, 0.175899044, -0.223963603, -0.958592534, fov = 70},
    {cframe = 563.113525, 320.814453, -171.110641, -0.984406531, -0.0420634933, -0.170804322, -0.00216411613, 0.973811805, -0.227345258, 0.175894186, -0.223430544, -0.958717823, fov = 70},
    {cframe = 563.095093, 320.815094, -171.107529, -0.984407246, -0.0419755615, -0.170821995, -0.00217303308, 0.973938823, -0.226800308, 0.175890237, -0.222892672, -0.958843708, fov = 70},
    {cframe = 563.132141, 320.814087, -171.113861, -0.984406769, -0.0418792255, -0.170848221, -0.00217445102, 0.97406882, -0.226240098, 0.175892726, -0.222340792, -0.958971381, fov = 70},
    {cframe = 563.150574, 320.81366, -171.117035, -0.984406769, -0.041782219, -0.170871988, -0.00217671925, 0.97420007, -0.225674614, 0.175892696, -0.221783713, -0.959100425, fov = 70},
    {cframe = 563.113525, 320.81488, -171.110748, -0.984407306, -0.0416837446, -0.170893118, -0.00218098448, 0.974334598, -0.225093558, 0.17588982, -0.221211046, -0.959233224, fov = 70},
    {cframe = 563.095093, 320.815552, -171.107635, -0.984407842, -0.0415846705, -0.170914367, -0.00218562409, 0.974469662, -0.224506989, 0.175886959, -0.220632896, -0.959366858, fov = 70},
    {cframe = 563.13208, 320.814575, -171.113968, -0.984407902, -0.0414841883, -0.170938402, -0.00219112029, 0.974608183, -0.22390458, 0.175886527, -0.220038906, -0.959503353, fov = 70},
    {cframe = 563.150513, 320.814117, -171.117142, -0.984407902, -0.0413824655, -0.17096287, -0.00219627284, 0.974747777, -0.223296732, 0.175886273, -0.219439596, -0.959640563, fov = 70},
    {cframe = 563.113525, 320.815369, -171.11087, -0.984408021, -0.0412769243, -0.1709878, -0.00220050593, 0.97489059, -0.222672582, 0.175885662, -0.218824431, -0.959781229, fov = 70},
    {cframe = 563.095093, 320.81604, -171.107758, -0.9844082, -0.0411705859, -0.17101264, -0.00220496999, 0.975034237, -0.222042918, 0.175884828, -0.218203798, -0.959922612, fov = 70},
    {cframe = 563.13208, 320.815063, -171.11409, -0.9844082, -0.0410620309, -0.171038702, -0.00220996607, 0.975181341, -0.221396789, 0.175884724, -0.217566818, -0.960067272, fov = 70},
    {cframe = 563.150513, 320.814636, -171.117264, -0.984408379, -0.0409517065, -0.171064049, -0.00221440219, 0.975328922, -0.220744878, 0.175883606, -0.21692431, -0.960212827, fov = 70},
    {cframe = 563.113464, 320.815887, -171.110977, -0.984408498, -0.0408365354, -0.171090692, -0.00221680524, 0.97548008, -0.220076218, 0.175882712, -0.216265619, -0.96036154, fov = 70},
    {cframe = 563.095032, 320.816589, -171.107864, -0.984408677, -0.0407205597, -0.171117455, -0.00221941317, 0.975632071, -0.219401777, 0.175881818, -0.215601251, -0.960511088, fov = 70},
    {cframe = 563.13208, 320.815613, -171.114212, -0.984408677, -0.0406022519, -0.171145454, -0.00222255778, 0.97578752, -0.218710214, 0.175881669, -0.214919865, -0.960663795, fov = 70},
    {cframe = 563.150513, 320.815186, -171.117371, -0.984408855, -0.0404830165, -0.171172634, -0.00222601229, 0.975943685, -0.218012795, 0.175880596, -0.214232698, -0.960817456, fov = 70},
    {cframe = 563.113464, 320.816437, -171.111099, -0.984409034, -0.0403613485, -0.171200588, -0.00223005703, 0.976102829, -0.217297941, 0.175879791, -0.213528261, -0.960974395, fov = 70},
    {cframe = 563.095032, 320.817139, -171.107986, -0.984409213, -0.0402384587, -0.171228483, -0.00223398628, 0.976263046, -0.216577068, 0.175878733, -0.212817937, -0.961132169, fov = 70},
    {cframe = 563.132019, 320.816193, -171.114334, -0.984409332, -0.0401120856, -0.171257243, -0.00223746989, 0.976426601, -0.215838581, 0.175877824, -0.212090328, -0.961293101, fov = 70},
    {cframe = 563.150452, 320.815765, -171.117508, -0.984409511, -0.0399853252, -0.171285838, -0.00224170787, 0.976590633, -0.215093926, 0.175876752, -0.211356536, -0.961454988, fov = 70},
    {cframe = 563.113464, 320.817047, -171.111237, -0.984409571, -0.0398576371, -0.171315491, -0.00224804645, 0.97675848, -0.214331359, 0.175876588, -0.210604727, -0.961619914, fov = 70},
    {cframe = 563.094971, 320.817749, -171.108124, -0.98440975, -0.0397289507, -0.17134434, -0.00225469423, 0.976926804, -0.213562533, 0.175875485, -0.20984672, -0.961785853, fov = 70},
    {cframe = 563.132019, 320.816803, -171.114456, -0.98440969, -0.0395977721, -0.171374902, -0.00226183655, 0.977098465, -0.212775335, 0.175875589, -0.209070489, -0.961954832, fov = 70},
    {cframe = 563.153564, 320.816284, -171.118164, -0.984409928, -0.0394756831, -0.171401724, -0.00226750737, 0.977256179, -0.212049797, 0.175874218, -0.208355263, -0.962110221, fov = 70},
    {cframe = 563.122681, 320.817352, -171.11293, -0.984410107, -0.039357692, -0.171427771, -0.00226843916, 0.977402449, -0.21137324, 0.175873131, -0.207689077, -0.962254465, fov = 70},
    {cframe = 563.104187, 320.817993, -171.109802, -0.984410226, -0.0392868929, -0.171443358, -0.00226899842, 0.977490067, -0.210967273, 0.17587249, -0.207289338, -0.962340772, fov = 70},
    {cframe = 563.104248, 320.818146, -171.109833, -0.984410346, -0.0391472168, -0.171474725, -0.00227432745, 0.977668166, -0.210142434, 0.175871849, -0.206476405, -0.962515712, fov = 70},
    {cframe = 563.131958, 320.817444, -171.114594, -0.984410346, -0.0390439294, -0.171498254, -0.00228148513, 0.977802873, -0.209514394, 0.175871745, -0.20585686, -0.962648392, fov = 70},
    {cframe = 563.150452, 320.817047, -171.117767, -0.984410465, -0.0389040001, -0.171529099, -0.00229010428, 0.977982998, -0.208670482, 0.175870687, -0.2050246, -0.962826133, fov = 70},
    {cframe = 563.113403, 320.818359, -171.111511, -0.984410524, -0.0387578979, -0.171562016, -0.00229558907, 0.978166819, -0.207807615, 0.175870463, -0.204174176, -0.963006914, fov = 70},
    {cframe = 563.094971, 320.819061, -171.108398, -0.984410703, -0.0386098996, -0.171594411, -0.00230049016, 0.978351235, -0.206938073, 0.175869465, -0.203317314, -0.96318835, fov = 70},
    {cframe = 563.131958, 320.818146, -171.114746, -0.984410882, -0.038456548, -0.171627611, -0.0023034215, 0.978539109, -0.206049114, 0.175868228, -0.202441663, -0.963373005, fov = 70},
    {cframe = 563.150391, 320.817749, -171.11792, -0.98441112, -0.0383033901, -0.171660542, -0.00230780384, 0.978727102, -0.205153361, 0.175866872, -0.201559111, -0.963558316, fov = 70},
    {cframe = 563.113403, 320.819061, -171.111649, -0.98441118, -0.0381509997, -0.1716941, -0.0023164046, 0.978918791, -0.204237819, 0.175866395, -0.20065628, -0.963746786, fov = 70},
    {cframe = 563.09491, 320.819794, -171.108551, -0.984411478, -0.0379961282, -0.171726719, -0.00232394692, 0.979110599, -0.203315407, 0.175864622, -0.199746951, -0.963936031, fov = 70},
    {cframe = 563.131897, 320.818878, -171.114899, -0.984412253, -0.037834093, -0.171758413, -0.00232815742, 0.979306042, -0.202373058, 0.175860584, -0.198818654, -0.964128673, fov = 70},
    {cframe = 563.150391, 320.818512, -171.118073, -0.984412849, -0.0376719162, -0.171790317, -0.00233342033, 0.979501545, -0.201423734, 0.175856858, -0.197883263, -0.964321733, fov = 70},
    {cframe = 563.113342, 320.819824, -171.111816, -0.984412849, -0.0375096723, -0.171825767, -0.00234157685, 0.979700506, -0.200453982, 0.175856709, -0.196927145, -0.964517474, fov = 70},
    {cframe = 563.09491, 320.820557, -171.108704, -0.984412909, -0.037344344, -0.171861485, -0.00234785909, 0.979899824, -0.199477211, 0.175856337, -0.195964426, -0.964713573, fov = 70},
    {cframe = 563.131897, 320.819641, -171.115051, -0.98441267, -0.0371701121, -0.171900675, -0.002348301, 0.980102301, -0.198479787, 0.175857708, -0.19498235, -0.964912355, fov = 70},
    {cframe = 563.15033, 320.819305, -171.11824, -0.98441267, -0.0369967036, -0.171937838, -0.0023512342, 0.980304956, -0.197475255, 0.17585744, -0.193992898, -0.965111792, fov = 70},
    {cframe = 563.113342, 320.820618, -171.111969, -0.98441267, -0.0368263461, -0.171974674, -0.00236106711, 0.980511308, -0.196449712, 0.175857574, -0.192981541, -0.965314507, fov = 70},
    {cframe = 563.094849, 320.821381, -171.108871, -0.984412909, -0.036653582, -0.172010273, -0.00237003784, 0.980717778, -0.195416868, 0.175856188, -0.191963226, -0.965517759, fov = 70},
    {cframe = 563.131836, 320.820465, -171.115219, -0.984413087, -0.0364741981, -0.172047451, -0.00237593544, 0.980926752, -0.194362774, 0.17585516, -0.190924495, -0.965723932, fov = 70},
    {cframe = 563.15033, 320.820129, -171.118393, -0.984413385, -0.0362934917, -0.172083959, -0.00238194317, 0.98113656, -0.193301305, 0.175853431, -0.189878494, -0.965930402, fov = 70},
    {cframe = 563.113281, 320.821472, -171.112137, -0.984413445, -0.03610925, -0.172122195, -0.00238795578, 0.981349468, -0.192218378, 0.175852835, -0.188811347, -0.966139734, fov = 70},
    {cframe = 563.094849, 320.822235, -171.109024, -0.984413803, -0.0359242409, -0.172158763, -0.00239486224, 0.981561899, -0.191127881, 0.17585066, -0.187736645, -0.966349483, fov = 70},
    {cframe = 563.141113, 320.821136, -171.116959, -0.984413922, -0.0356910713, -0.172206774, -0.00240606721, 0.981832027, -0.189737424, 0.175850019, -0.186365813, -0.966614962, fov = 70},
    {cframe = 563.150269, 320.821014, -171.118561, -0.98441416, -0.0355492868, -0.172234803, -0.00241239578, 0.981994152, -0.188895583, 0.175848678, -0.185535997, -0.966774762, fov = 70},
    {cframe = 563.113281, 320.822357, -171.112305, -0.984414279, -0.0353556462, -0.172273889, -0.00241945009, 0.98221314, -0.187753573, 0.175847828, -0.184410512, -0.966990232, fov = 70},
    {cframe = 563.094788, 320.823151, -171.109207, -0.984414637, -0.0351609215, -0.172311798, -0.00242700591, 0.982432246, -0.186603844, 0.175845832, -0.183277354, -0.967206001, fov = 70},
    {cframe = 563.131775, 320.822266, -171.115555, -0.984415293, -0.0349632166, -0.172348276, -0.00243590516, 0.982654274, -0.185431555, 0.175842017, -0.182121843, -0.967424989, fov = 70},
    {cframe = 563.153381, 320.821838, -171.119263, -0.984415948, -0.0347808562, -0.172381222, -0.00244389521, 0.982857406, -0.184351906, 0.175838038, -0.181057662, -0.96762538, fov = 70},
    {cframe = 563.128662, 320.822723, -171.115097, -0.984416425, -0.0346446633, -0.172405854, -0.00244902493, 0.983007252, -0.18355, 0.175835222, -0.180267438, -0.967773438, fov = 70},
    {cframe = 563.104004, 320.823639, -171.110916, -0.984416902, -0.0345084928, -0.17243062, -0.00245412998, 0.983156562, -0.182748094, 0.175832659, -0.17947717, -0.96792078, fov = 70},
    {cframe = 563.094788, 320.824097, -171.109375, -0.98441726, -0.0343533196, -0.172459319, -0.00245915679, 0.983325362, -0.181837991, 0.175830349, -0.178580374, -0.968087077, fov = 70},
    {cframe = 563.140991, 320.822998, -171.117325, -0.984416962, -0.0340886414, -0.172513545, -0.00246483507, 0.98360914, -0.18029587, 0.175831959, -0.177061096, -0.968365788, fov = 70},
    {cframe = 563.150269, 320.822906, -171.118927, -0.984416783, -0.0339290164, -0.172546193, -0.0024688011, 0.983780324, -0.179362744, 0.175833046, -0.176141709, -0.968533278, fov = 70},
    {cframe = 563.11322, 320.82428, -171.112656, -0.984416544, -0.0337139368, -0.172589689, -0.00247562211, 0.984009624, -0.178097516, 0.175834298, -0.174894884, -0.968758941, fov = 70},
    {cframe = 564.506531, 323.680481, -163.936752, -0.984488249, -0.0121755851, -0.175026938, -0.00389137166, 0.998859227, -0.0475965776, 0.175406754, -0.0461771823, -0.983412385, fov = 70},
    {cframe = 564.506531, 323.680481, -163.936752, -0.984488249, -0.0121755851, -0.175026938, -0.00389137166, 0.998859227, -0.0475965776, 0.175406754, -0.0461771823, -0.983412385, fov = 70},
    {cframe = 564.505127, 323.666656, -163.935822, -0.984701991, -0.0120807411, -0.173827186, -0.00362163107, 0.998797357, -0.0488990434, 0.17420882, -0.0475214459, -0.983561337, fov = 70},
    {cframe = 564.499512, 323.611481, -163.932144, -0.985543668, -0.0116855726, -0.169017538, -0.00256242161, 0.998532474, -0.0540952459, 0.169401616, -0.0528801344, -0.984127343, fov = 70},
    {cframe = 564.496643, 323.563568, -163.935486, -0.986625314, -0.0111303423, -0.162623748, -0.00119459652, 0.998133481, -0.0610669889, 0.162999794, -0.0600559674, -0.984796524, fov = 70},
    {cframe = 564.502197, 323.537292, -163.959869, -0.988387287, -0.0100742634, -0.151620999, 0.00110301224, 0.997298121, -0.0734544992, 0.151951313, -0.0727687404, -0.985705495, fov = 70},
    {cframe = 564.509155, 323.515106, -163.991501, -0.990090191, -0.00881090388, -0.140155733, 0.00337830675, 0.996246397, -0.0864942372, 0.140391752, -0.086110577, -0.986344218, fov = 70},
    {cframe = 564.520325, 323.505219, -164.045013, -0.991863489, -0.00717364438, -0.127102882, 0.00578720542, 0.994838297, -0.101309516, 0.127173543, -0.101220787, -0.986702144, fov = 70},
    {cframe = 564.532104, 323.496216, -164.098557, -0.99338752, -0.00541571993, -0.114681326, 0.00793000311, 0.993264496, -0.115596928, 0.114534914, -0.115741968, -0.986653686, fov = 70},
    {cframe = 564.545715, 323.489899, -164.152405, -0.994595408, -0.00373086915, -0.103758372, 0.00963494927, 0.991725147, -0.128017396, 0.103377379, -0.128325209, -0.986329377, fov = 70},
    {cframe = 564.559204, 323.481232, -164.199158, -0.995524168, -0.00217942335, -0.0944817588, 0.0109942118, 0.990275681, -0.138685316, 0.0938652009, -0.139103323, -0.985819161, fov = 70},
    {cframe = 564.572266, 323.465637, -164.224762, -0.995957851, -0.00137448311, -0.0898098424, 0.0116099743, 0.989525318, -0.14389433, 0.0890668482, -0.144355401, -0.985509217, fov = 70},
    {cframe = 564.584045, 323.446228, -164.243591, -0.996267498, -0.00056342117, -0.0863164961, 0.0120861223, 0.989217401, -0.145955384, 0.0854679942, -0.146453828, -0.985518336, fov = 70},
    {cframe = 564.59198, 323.415344, -164.242126, -0.996267736, 0.000199435672, -0.0863152593, 0.0122008687, 0.990282357, -0.138536736, 0.0854488164, -0.139072806, -0.986588597, fov = 70},
    {cframe = 564.599121, 323.38504, -164.239914, -0.996266425, 0.000903450069, -0.0863261819, 0.0122594004, 0.991292119, -0.131107926, 0.0854560062, -0.131676719, -0.987602293, fov = 70},
    {cframe = 564.605164, 323.349213, -164.234299, -0.996267855, 0.00156959088, -0.0862998664, 0.0121146441, 0.992480218, -0.121803686, 0.0854597166, -0.122394592, -0.98879528, fov = 70},
    {cframe = 564.611755, 323.327728, -164.23082, -0.996596336, 0.00179395417, -0.0824151337, 0.0115831532, 0.992891848, -0.118455462, 0.081616804, -0.119006917, -0.989533126, fov = 70},
    {cframe = 564.618042, 323.316986, -164.228943, -0.997062027, 0.00173375115, -0.076578252, 0.0108674336, 0.992832303, -0.119017884, 0.0758230314, -0.119500406, -0.989934564, fov = 70},
    {cframe = 564.627197, 323.304688, -164.226974, -0.997740448, 0.00164896308, -0.0671645626, 0.00977745652, 0.992619693, -0.120875783, 0.0664695054, -0.121259362, -0.990392745, fov = 70},
    {cframe = 564.638611, 323.298431, -164.226547, -0.998599708, 0.00158439053, -0.0528764017, 0.00824980065, 0.991985857, -0.126078099, 0.0522528701, -0.126337767, -0.990610003, fov = 70},
    {cframe = 564.649719, 323.292847, -164.226242, -0.999191999, 0.00130772614, -0.0401695408, 0.00666441955, 0.991024971, -0.133510217, 0.0396344177, -0.133670047, -0.990232944, fov = 70},
    {cframe = 564.662476, 323.288361, -164.22641, -0.999540269, 4.43282188e-05, -0.0303156562, 0.00462733861, 0.988503993, -0.151123032, 0.02996042, -0.151193842, -0.988049924, fov = 70},
    {cframe = 564.669434, 323.284912, -164.226288, -0.999657273, -0.000815872278, -0.0261627268, 0.0035498077, 0.98605454, -0.16638504, 0.0259336047, -0.166420892, -0.985713661, fov = 70},
    {cframe = 564.67688, 323.27832, -164.225494, -0.999670386, -0.0024260364, -0.025554277, 0.00271129422, 0.9799757, -0.199099824, 0.0255255718, -0.19910349, -0.979645967, fov = 70},
    {cframe = 564.68335, 323.271851, -164.224426, -0.999672949, -0.00383452047, -0.0252807401, 0.00211250037, 0.972926497, -0.231105223, 0.0254824702, -0.231083035, -0.972600162, fov = 70},
    {cframe = 564.687378, 323.265717, -164.223038, -0.999689698, -0.00449194293, -0.0244954992, 0.00206832588, 0.965225041, -0.261411965, 0.0248179045, -0.261381537, -0.964916348, fov = 70},
    {cframe = 564.691284, 323.259613, -164.221451, -0.999688804, -0.00522832805, -0.0243863314, 0.00210719369, 0.956578016, -0.291468412, 0.0248513222, -0.291429132, -0.956269443, fov = 70},
    {cframe = 564.695312, 323.253082, -164.219482, -0.99968338, -0.0059639453, -0.0244417675, 0.00227023102, 0.946150303, -0.323720187, 0.0250562299, -0.323673189, -0.945836961, fov = 70},
    {cframe = 564.69989, 323.245117, -164.21666, -0.999690771, -0.00652774004, -0.0239915401, 0.0026263576, 0.931799233, -0.362964809, 0.0247246213, -0.362915605, -0.931493878, fov = 70},
    {cframe = 564.703979, 323.238342, -164.213959, -0.999674022, -0.00716674328, -0.0245027803, 0.00312680565, 0.918190539, -0.396127224, 0.0253371559, -0.396074682, -0.917868555, fov = 70},
    {cframe = 564.707153, 323.234924, -164.212448, -0.999662995, -0.0074547478, -0.0248656273, 0.00347058848, 0.910898983, -0.41261521, 0.0257260073, -0.41256243, -0.910565913, fov = 70},
    {cframe = 564.710083, 323.232361, -164.211258, -0.999640107, -0.00919848029, -0.025195688, 0.00237602927, 0.905295491, -0.424775839, 0.0267168172, -0.424682826, -0.904947817, fov = 70},
    {cframe = 564.71228, 323.232361, -164.211197, -0.999575973, -0.0151634663, -0.0248567946, -0.00318511389, 0.905512094, -0.4243083, 0.0289421007, -0.424049199, -0.905176461, fov = 70},
    {cframe = 564.714355, 323.232391, -164.211166, -0.999452114, -0.0223751087, -0.0243848152, -0.00994384289, 0.90580225, -0.423584193, 0.0315655395, -0.423109651, -0.905528426, fov = 70},
    {cframe = 564.715698, 323.232605, -164.211212, -0.9991678, -0.0333309621, -0.0235064141, -0.0203038827, 0.906327248, -0.422088265, 0.0353730917, -0.421259731, -0.906249821, fov = 70},
    {cframe = 564.716797, 323.23291, -164.211304, -0.998802245, -0.0430706404, -0.0232119523, -0.0293396041, 0.906902552, -0.420317918, 0.0391543098, -0.419133455, -0.907079875, fov = 70},
    {cframe = 564.716919, 323.233398, -164.211487, -0.998493493, -0.0491341129, -0.0244215559, -0.0344593339, 0.907910705, -0.417744517, 0.0426980965, -0.416273624, -0.908236146, fov = 70},
    {cframe = 564.716614, 323.234619, -164.211945, -0.998210371, -0.0537110493, -0.0262872931, -0.0380091108, 0.909256339, -0.414497674, 0.0461649708, -0.412756711, -0.909670591, fov = 70},
    {cframe = 564.715088, 323.238159, -164.213211, -0.998098791, -0.053831771, -0.0300135054, -0.0368667468, 0.911697805, -0.409204155, 0.0493914075, -0.407319665, -0.911949039, fov = 70},
    {cframe = 564.713196, 323.242706, -164.214828, -0.997972369, -0.0538563766, -0.0339178033, -0.0356467888, 0.914440095, -0.403148532, 0.0527278967, -0.401122063, -0.91450572, fov = 70},
    {cframe = 564.710266, 323.250336, -164.217499, -0.997825384, -0.0536180846, -0.0383318178, -0.0341688059, 0.918128014, -0.394808829, 0.0563623756, -0.392640501, -0.917963266, fov = 70},
    {cframe = 564.707092, 323.258392, -164.220291, -0.997663736, -0.0533014946, -0.0427300707, -0.0327091068, 0.921834111, -0.386202067, 0.0599751696, -0.383902162, -0.921423852, fov = 70},
    {cframe = 564.703369, 323.267639, -164.223495, -0.997499347, -0.0528023355, -0.0469771661, -0.0312580466, 0.925756454, -0.376826018, 0.0633866936, -0.374415278, -0.925091982, fov = 70},
    {cframe = 564.699524, 323.276642, -164.226593, -0.997329593, -0.0522647053, -0.0510078073, -0.0299024247, 0.929463625, -0.367699951, 0.0666276142, -0.365192801, -0.928544402, fov = 70},
    {cframe = 564.695496, 323.284973, -164.229446, -0.997190058, -0.0516702868, -0.0542396009, -0.028784167, 0.932750463, -0.35937199, 0.0691608489, -0.356800944, -0.931616724, fov = 70},
    {cframe = 564.691589, 323.292419, -164.231995, -0.997063279, -0.0510982089, -0.0570406504, -0.0278229732, 0.935649633, -0.3518323, 0.0713480413, -0.349212021, -0.93432343, fov = 70},
    {cframe = 564.687988, 323.297272, -164.233688, -0.997007072, -0.0506342128, -0.0584195554, -0.0273010973, 0.937578142, -0.346701443, 0.0723278299, -0.344068855, -0.936154425, fov = 70},
    {cframe = 564.684448, 323.301392, -164.235107, -0.996964037, -0.0502194725, -0.0595016703, -0.0268824883, 0.939214885, -0.342276037, 0.0730737522, -0.339637369, -0.937713444, fov = 70},
    {cframe = 564.681274, 323.303253, -164.235718, -0.996968567, -0.0499615707, -0.0596435741, -0.026769286, 0.940048456, -0.339988977, 0.0730542094, -0.337361723, -0.938536108, fov = 70},
    {cframe = 564.678162, 323.304962, -164.236237, -0.996972263, -0.0497319922, -0.0597725138, -0.026669763, 0.940795004, -0.337924659, 0.0730393529, -0.335307419, -0.939273059, fov = 70},
    {cframe = 564.675232, 323.306152, -164.236481, -0.996974647, -0.0495868437, -0.0598550364, -0.0266130529, 0.941294611, -0.336534888, 0.073028937, -0.333923817, -0.939766765, fov = 70},
    {cframe = 564.672363, 323.30719, -164.236649, -0.996976256, -0.0494667441, -0.0599270724, -0.0265704319, 0.941732407, -0.335312903, 0.073022075, -0.33270669, -0.940198898, fov = 70},
    {cframe = 564.669678, 323.307861, -164.236603, -0.996976256, -0.0494216308, -0.0599646866, -0.0265708379, 0.941986978, -0.334597111, 0.0730222389, -0.33199206, -0.940451443, fov = 70},
    {cframe = 564.667297, 323.30838, -164.236526, -0.996975839, -0.0493942872, -0.059993621, -0.0265805312, 0.942192912, -0.334015429, 0.0730239823, -0.331410617, -0.940656364, fov = 70},
    {cframe = 564.665649, 323.308563, -164.236374, -0.996974409, -0.0494204685, -0.0599961765, -0.0266182162, 0.942254722, -0.333837658, 0.0730300844, -0.331230581, -0.940719247, fov = 70},
    {cframe = 564.664001, 323.308777, -164.236221, -0.996972859, -0.0494467616, -0.0599994659, -0.0266557783, 0.94231683, -0.333659828, 0.0730368719, -0.331050485, -0.94078213, fov = 70},
    {cframe = 564.662292, 323.308929, -164.236023, -0.996970594, -0.0494939499, -0.0599976853, -0.0267121792, 0.942366183, -0.333515555, 0.0730467662, -0.330902517, -0.94083339, fov = 70},
    {cframe = 564.660095, 323.30899, -164.235703, -0.996966183, -0.0496039614, -0.0599802583, -0.0268253237, 0.942378342, -0.333472192, 0.0730656087, -0.330851525, -0.9408499, fov = 70},
    {cframe = 564.657959, 323.309052, -164.235397, -0.996947348, -0.0500712208, -0.0599047802, -0.0272948258, 0.942377269, -0.333437026, 0.0731484666, -0.330784082, -0.940867126, fov = 70},
    {cframe = 564.656128, 323.309052, -164.235077, -0.99688369, -0.0516135171, -0.059654735, -0.0288365968, 0.94233489, -0.333426744, 0.0734240562, -0.330667436, -0.940886676, fov = 70},
    {cframe = 564.654358, 323.309082, -164.234787, -0.996793449, -0.0536817908, -0.0593370646, -0.0308981501, 0.942273617, -0.333415061, 0.0738100484, -0.330512553, -0.940910935, fov = 70},
    {cframe = 564.652832, 323.309143, -164.234558, -0.996621013, -0.0573327281, -0.0588165298, -0.0345234945, 0.942153394, -0.333399266, 0.0745288804, -0.330242157, -0.940949202, fov = 70},
    {cframe = 564.651062, 323.309296, -164.234375, -0.996352613, -0.0624282397, -0.0581725426, -0.0395559557, 0.941963315, -0.333377659, 0.0756085515, -0.329860628, -0.940996885, fov = 70},
    {cframe = 564.650146, 323.309479, -164.234329, -0.996147037, -0.0659646392, -0.0577895306, -0.0430274121, 0.941815734, -0.333363652, 0.0764172971, -0.329592645, -0.941025496, fov = 70},
    {cframe = 564.648987, 323.309784, -164.234329, -0.995848298, -0.070685558, -0.0573546514, -0.0476363823, 0.941600442, -0.33334586, 0.0775678903, -0.329229712, -0.941058338, fov = 70},
    {cframe = 564.64801, 323.310303, -164.234512, -0.995513976, -0.0754226223, -0.0571250953, -0.0521924719, 0.941363096, -0.333333939, 0.0789163634, -0.328857094, -0.941076517, fov = 70},
    {cframe = 564.647095, 323.310913, -164.234787, -0.995168746, -0.0799055845, -0.0570446737, -0.0564589389, 0.941119313, -0.333326846, 0.0803205073, -0.3284958, -0.941083968, fov = 70},
    {cframe = 564.646301, 323.311829, -164.235291, -0.994844139, -0.083623752, -0.0573754907, -0.059865348, 0.940904975, -0.333336592, 0.0818597376, -0.328183174, -0.941060364, fov = 70},
    {cframe = 564.645569, 323.312836, -164.235886, -0.99453795, -0.0868284181, -0.0579215437, -0.0627146214, 0.94071275, -0.33335644, 0.0834323317, -0.327903092, -0.941019893, fov = 70},
    {cframe = 564.644958, 323.31424, -164.236786, -0.994322777, -0.0884903148, -0.0590898655, -0.0638974607, 0.940616548, -0.33340323, 0.0850838497, -0.327734709, -0.940930665, fov = 70},
    {cframe = 564.658386, 323.369995, -164.286774, -0.99394232, -0.0873839185, -0.0666520894, -0.0620897412, 0.946889341, -0.315508157, 0.0906824693, -0.309458524, -0.946579099, fov = 70},
    {cframe = 564.679077, 323.452179, -164.360703, -0.993502975, -0.083703734, -0.0771062374, -0.0581337698, 0.955726385, -0.288456708, 0.0978373662, -0.282100141, -0.954383135, fov = 70},
    {cframe = 564.713501, 323.605774, -164.5, -0.992748022, -0.0762836188, -0.0929082036, -0.0521668941, 0.969678283, -0.238751784, 0.108303912, -0.232173651, -0.96662581, fov = 70},
    {cframe = 564.768188, 323.892059, -164.761581, -0.991401613, -0.0613562651, -0.115577385, -0.0439183526, 0.988042116, -0.147795886, 0.123263538, -0.141449094, -0.982241333, fov = 70},
    {cframe = 564.827576, 324.30835, -165.145523, -0.989539266, -0.0394005962, -0.138778597, -0.0366072543, 0.999073505, -0.0226243883, 0.139541432, -0.0173074156, -0.990064859, fov = 70},
    {cframe = 564.855469, 324.610718, -165.427902, -0.988874972, -0.0244231615, -0.146729916, -0.0339022279, 0.99747175, 0.0624524802, 0.144833684, 0.0667321607, -0.987203062, fov = 70},
    {cframe = 564.875854, 325.027832, -165.821152, -0.987759113, -0.00561054656, -0.155885532, -0.0327403322, 0.984548748, 0.172021791, 0.15251179, 0.17501983, -0.972680867, fov = 70},
    {cframe = 564.848206, 325.487579, -166.26973, -0.988958776, 0.00584381074, -0.148075461, -0.0352025554, 0.961355746, 0.273048967, 0.143948838, 0.275246799, -0.950535595, fov = 70},
    {cframe = 564.775391, 325.947754, -166.721634, -0.989606023, 0.0151693327, -0.143002495, -0.0384446159, 0.93031925, 0.364730299, 0.138570681, 0.366436958, -0.920066237, fov = 70},
    {cframe = 564.569946, 326.410431, -167.188934, -0.991329014, 0.0162967127, -0.13038826, -0.0423688218, 0.899641514, 0.434568584, 0.124384731, 0.436324835, -0.891150355, fov = 70},
    {cframe = 564.399536, 326.863983, -167.662567, -0.99256283, 0.0164595135, -0.120615147, -0.0453861803, 0.869341612, 0.492123663, 0.112955853, 0.49393791, -0.862128854, fov = 70},
    {cframe = 564.336853, 327.291046, -168.158356, -0.993994236, 0.0131171132, -0.10864266, -0.0453611687, 0.854092717, 0.518138826, 0.0995873958, 0.519955099, -0.848368347, fov = 70},
    {cframe = 564.309265, 327.702606, -168.651001, -0.995161891, 0.00986661576, -0.0977512151, -0.044440873, 0.84213388, 0.537434399, 0.0876222327, 0.539178431, -0.837620974, fov = 70},
    {cframe = 564.387695, 328.067535, -169.134659, -0.996081471, 0.00734510738, -0.0881345198, -0.041321151, 0.842433393, 0.537213087, 0.0781933665, 0.538749754, -0.8388291, fov = 70},
    {cframe = 564.446472, 328.391235, -169.571686, -0.996808767, 0.0052258377, -0.0796539932, -0.038482897, 0.842782915, 0.536876202, 0.0699366406, 0.538228214, -0.839892268, fov = 70},
    {cframe = 564.445984, 328.590607, -169.868073, -0.99720186, 0.00430630706, -0.0746306628, -0.036492832, 0.843258262, 0.536268115, 0.0652422756, 0.537491083, -0.840741634, fov = 70},
    {cframe = 564.445496, 328.789978, -170.164474, -0.997568786, 0.00339300418, -0.0696048141, -0.0345047265, 0.843736529, 0.535647392, 0.0605455562, 0.53674686, -0.841568112, fov = 70},
    {cframe = 564.47644, 329.001648, -170.488068, -0.997920513, 0.00259677367, -0.0644028187, -0.0323185846, 0.844347417, 0.534820557, 0.055767145, 0.535789847, -0.842507601, fov = 70},
    {cframe = 564.602356, 329.250427, -170.893723, -0.998274863, 0.00214626361, -0.058673542, -0.029532494, 0.845353603, 0.533390284, 0.0507446751, 0.534202874, -0.843831778, fov = 70},
    {cframe = 564.703064, 329.485565, -171.286789, -0.998575389, 0.0018747882, -0.0533245802, -0.0268129017, 0.846404016, 0.531866014, 0.0461312644, 0.532538056, -0.845147848, fov = 70},
    {cframe = 564.7276, 329.679688, -171.641891, -0.998790145, 0.00211148453, -0.0491289757, -0.0242833719, 0.847582698, 0.530107677, 0.0427601561, 0.530659378, -0.846505761, fov = 70},
    {cframe = 564.78717, 329.862213, -171.985428, -0.998972714, 0.00246753148, -0.0452481695, -0.0218328089, 0.848775148, 0.528303266, 0.0397090986, 0.528748393, -0.84784919, fov = 70},
    {cframe = 564.952393, 330.009705, -172.294083, -0.999099433, 0.00315331062, -0.0423107073, -0.0196095556, 0.850012243, 0.526397586, 0.0376245081, 0.526753187, -0.849185109, fov = 70},
    {cframe = 565.049805, 330.142334, -172.586929, -0.999207079, 0.00389674352, -0.0396205746, -0.0174775198, 0.85123539, 0.52449286, 0.03577023, 0.524769485, -0.850492299, fov = 70},
    {cframe = 564.942383, 330.230072, -172.832031, -0.999278963, 0.00478979293, -0.0376630835, -0.0156117417, 0.85242331, 0.522618532, 0.0346081294, 0.522829652, -0.851734221, fov = 70},
    {cframe = 564.899963, 330.311768, -173.064438, -0.999339819, 0.00567920692, -0.035883598, -0.0138494112, 0.853571832, 0.520791233, 0.0335868821, 0.520944357, -0.852929533, fov = 70},
    {cframe = 565.092041, 330.391052, -173.306992, -0.999388158, 0.00675744284, -0.0343145691, -0.0120298751, 0.854867339, 0.518707454, 0.0328395255, 0.518802881, -0.854262829, fov = 70},
    {cframe = 565.137268, 330.430328, -173.432053, -0.999412477, 0.00733782118, -0.0334777161, -0.0110548399, 0.855581164, 0.517551124, 0.0324405879, 0.517617106, -0.854997039, fov = 70},
    {cframe = 565.009644, 330.460419, -173.543854, -0.999435723, 0.00792744104, -0.0326376781, -0.0100666657, 0.856367826, 0.516268134, 0.0320425183, 0.516305387, -0.855804801, fov = 70},
    {cframe = 564.953979, 330.483307, -173.641235, -0.999457896, 0.00839163922, -0.0318322368, -0.00921029225, 0.857067168, 0.515122354, 0.0316050723, 0.515136302, -0.856525302, fov = 70},
    {cframe = 565.115845, 330.484375, -173.695068, -0.999479592, 0.00847175252, -0.0311234947, -0.00874977931, 0.857507646, 0.514396846, 0.0310464613, 0.514401436, -0.856987238, fov = 70},
    {cframe = 565.243958, 330.485199, -173.735703, -0.999501944, 0.00792504754, -0.0305445418, -0.00890056789, 0.857847631, 0.513827085, 0.0302746557, 0.513843, -0.857349813, fov = 70},
    {cframe = 565.270081, 330.485413, -173.736511, -0.999523938, 0.00548352255, -0.030359108, -0.0108973496, 0.857882738, 0.513730109, 0.0288615935, 0.513816357, -0.857414484, fov = 70},
    {cframe = 565.279541, 330.485077, -173.737045, -0.999536991, 0.00307312305, -0.0302673131, -0.0129173696, 0.857883811, 0.51368165, 0.0275444146, 0.513834834, -0.85744679, fov = 70},
    {cframe = 565.238892, 330.483185, -173.73674, -0.999535859, 0.000757214904, -0.0304511786, -0.0150026046, 0.85779202, 0.513778567, 0.0265097823, 0.513996959, -0.857382238, fov = 70},
    {cframe = 565.218445, 330.482239, -173.736572, -0.999531388, -0.000982091064, -0.0305927768, -0.0165702701, 0.857719541, 0.513851166, 0.0257353578, 0.51411736, -0.857333601, fov = 70},
    {cframe = 565.269226, 330.484619, -173.736954, -0.999531388, -0.000982172671, -0.0305925608, -0.016570203, 0.857719243, 0.513851106, 0.0257351212, 0.514117181, -0.85733366, fov = 70},
    {cframe = 565.27948, 330.485107, -173.73703, -0.999531388, -0.000982172671, -0.0305925608, -0.016570203, 0.857719243, 0.513851106, 0.0257351212, 0.514117181, -0.85733366, fov = 70},
    {cframe = 565.238892, 330.483185, -173.736725, -0.999531388, -0.000982172671, -0.0305925608, -0.016570203, 0.857719243, 0.513851106, 0.0257351212, 0.514117181, -0.85733366, fov = 70},
    {cframe = 565.218445, 330.482239, -173.736572, -0.999531388, -0.000982172671, -0.0305925608, -0.016570203, 0.857719243, 0.513851106, 0.0257351212, 0.514117181, -0.85733366, fov = 70},
    {cframe = 565.259094, 330.484161, -173.736877, -0.999531388, -0.000982172671, -0.0305925608, -0.016570203, 0.857719243, 0.513851106, 0.0257351212, 0.514117181, -0.85733366, fov = 70},
    {cframe = 565.27948, 330.485107, -173.73703, -0.999531388, -0.000982172671, -0.0305925608, -0.016570203, 0.857719243, 0.513851106, 0.0257351212, 0.514117181, -0.85733366, fov = 70},
    {cframe = 565.238892, 330.483185, -173.736725, -0.999531388, -0.000982172671, -0.0305925608, -0.016570203, 0.857719243, 0.513851106, 0.0257351212, 0.514117181, -0.85733366, fov = 70},
    {cframe = 565.208374, 330.48175, -173.736511, -0.999531388, -0.000982172671, -0.0305925608, -0.016570203, 0.857719243, 0.513851106, 0.0257351212, 0.514117181, -0.85733366, fov = 70},
    {cframe = 565.208374, 330.48175, -173.736511, -0.999531388, -0.000982172671, -0.0305925608, -0.016570203, 0.857719243, 0.513851106, 0.0257351212, 0.514117181, -0.85733366, fov = 70},
    {cframe = 565.208374, 330.48175, -173.736511, -0.999531388, -0.000982172671, -0.0305925608, -0.016570203, 0.857719243, 0.513851106, 0.0257351212, 0.514117181, -0.85733366, fov = 70},
    {cframe = 565.218445, 330.482239, -173.736572, -0.999531388, -0.000982162892, -0.0305925515, -0.0165701993, 0.857719243, 0.513851166, 0.0257351212, 0.514117241, -0.857333601, fov = 70},
    {cframe = 565.259094, 330.484161, -173.736877, -0.999531388, -0.000982172671, -0.0305925608, -0.016570203, 0.857719243, 0.513851106, 0.0257351212, 0.514117181, -0.85733366, fov = 70},
    {cframe = 565.27948, 330.485107, -173.73703, -0.999531388, -0.000982172671, -0.0305925608, -0.016570203, 0.857719243, 0.513851106, 0.0257351212, 0.514117181, -0.85733366, fov = 70},
    {cframe = 565.238892, 330.483185, -173.736725, -0.999531388, -0.000982172671, -0.0305925608, -0.016570203, 0.857719243, 0.513851106, 0.0257351212, 0.514117181, -0.85733366, fov = 70},
    {cframe = 565.218445, 330.482239, -173.736572, -0.999531388, -0.000982172671, -0.0305925608, -0.016570203, 0.857719243, 0.513851106, 0.0257351212, 0.514117181, -0.85733366, fov = 70},
    {cframe = 565.259094, 330.484161, -173.736877, -0.999531388, -0.000982172671, -0.0305925608, -0.016570203, 0.857719243, 0.513851106, 0.0257351212, 0.514117181, -0.85733366, fov = 70},
    {cframe = 565.27948, 330.485107, -173.73703, -0.999531388, -0.000982172671, -0.0305925608, -0.016570203, 0.857719243, 0.513851106, 0.0257351212, 0.514117181, -0.85733366, fov = 70},
    {cframe = 565.238892, 330.483185, -173.736725, -0.999531388, -0.000982172671, -0.0305925608, -0.016570203, 0.857719243, 0.513851106, 0.0257351212, 0.514117181, -0.85733366, fov = 70},
    {cframe = 565.208374, 330.48175, -173.736511, -0.999531388, -0.000982172671, -0.0305925608, -0.016570203, 0.857719243, 0.513851106, 0.0257351212, 0.514117181, -0.85733366, fov = 70},
    {cframe = 565.208374, 330.48175, -173.736511, -0.999531388, -0.000982172671, -0.0305925608, -0.016570203, 0.857719243, 0.513851106, 0.0257351212, 0.514117181, -0.85733366, fov = 70},
    {cframe = 565.218445, 330.482239, -173.736572, -0.999531388, -0.000982172671, -0.0305925608, -0.016570203, 0.857719243, 0.513851106, 0.0257351212, 0.514117181, -0.85733366, fov = 70},
    {cframe = 565.259094, 330.484161, -173.736877, -0.999531388, -0.000982172671, -0.0305925608, -0.016570203, 0.857719243, 0.513851106, 0.0257351212, 0.514117181, -0.85733366, fov = 70},
    {cframe = 565.27948, 330.485107, -173.73703, -0.999531388, -0.000982172671, -0.0305925608, -0.016570203, 0.857719243, 0.513851106, 0.0257351212, 0.514117181, -0.85733366, fov = 70},
    {cframe = 565.238892, 330.483185, -173.736725, -0.999531388, -0.000982172671, -0.0305925608, -0.016570203, 0.857719243, 0.513851106, 0.0257351212, 0.514117181, -0.85733366, fov = 70},
    {cframe = 565.218445, 330.482239, -173.736572, -0.999531388, -0.000982172671, -0.0305925608, -0.016570203, 0.857719243, 0.513851106, 0.0257351212, 0.514117181, -0.85733366, fov = 70},
    {cframe = 565.259094, 330.484161, -173.736877, -0.999531388, -0.000982172671, -0.0305925608, -0.016570203, 0.857719243, 0.513851106, 0.0257351212, 0.514117181, -0.85733366, fov = 70},
    {cframe = 565.279541, 330.485107, -173.73703, -0.999531388, -0.000982172671, -0.0305925608, -0.016570203, 0.857719243, 0.513851106, 0.0257351212, 0.514117181, -0.85733366, fov = 70},
    {cframe = 565.238892, 330.483185, -173.736725, -0.999531388, -0.000982172671, -0.0305925608, -0.016570203, 0.857719243, 0.513851106, 0.0257351212, 0.514117181, -0.85733366, fov = 70},
    {cframe = 565.208374, 330.48175, -173.736511, -0.999531388, -0.00098215777, -0.0305925608, -0.0165701918, 0.857719243, 0.513851106, 0.0257351361, 0.514117181, -0.85733366, fov = 70},
    {cframe = 565.208374, 330.48175, -173.736511, -0.999531388, -0.000982172671, -0.0305925608, -0.016570203, 0.857719243, 0.513851106, 0.0257351212, 0.514117181, -0.85733366, fov = 70},
    {cframe = 565.218445, 330.482239, -173.736572, -0.999531388, -0.000982172671, -0.0305925608, -0.016570203, 0.857719243, 0.513851106, 0.0257351212, 0.514117181, -0.85733366, fov = 70},
    {cframe = 565.259033, 330.484161, -173.736877, -0.999531388, -0.000982172671, -0.0305925608, -0.016570203, 0.857719243, 0.513851106, 0.0257351212, 0.514117181, -0.85733366, fov = 70},
    {cframe = 565.279541, 330.485107, -173.73703, -0.999531388, -0.000982172671, -0.0305925608, -0.016570203, 0.857719243, 0.513851106, 0.0257351212, 0.514117181, -0.85733366, fov = 70},
    {cframe = 565.238892, 330.483185, -173.736725, -0.999531388, -0.000982172671, -0.0305925608, -0.016570203, 0.857719243, 0.513851106, 0.0257351212, 0.514117181, -0.85733366, fov = 70},
    {cframe = 565.218445, 330.482239, -173.736572, -0.999531388, -0.000982172671, -0.0305925608, -0.016570203, 0.857719243, 0.513851106, 0.0257351212, 0.514117181, -0.85733366, fov = 70},
    {cframe = 565.259033, 330.484161, -173.736877, -0.999531388, -0.000982172671, -0.0305925608, -0.016570203, 0.857719243, 0.513851106, 0.0257351212, 0.514117181, -0.85733366, fov = 70},
    {cframe = 565.279541, 330.485107, -173.73703, -0.999531388, -0.000982172671, -0.0305925608, -0.016570203, 0.857719243, 0.513851106, 0.0257351212, 0.514117181, -0.85733366, fov = 70},
    {cframe = 565.238892, 330.483185, -173.736725, -0.999531388, -0.000982172671, -0.0305925608, -0.016570203, 0.857719243, 0.513851106, 0.0257351212, 0.514117181, -0.85733366, fov = 70},
    {cframe = 565.208374, 330.48175, -173.736511, -0.999531388, -0.000982172671, -0.0305925608, -0.016570203, 0.857719243, 0.513851106, 0.0257351212, 0.514117181, -0.85733366, fov = 70},
    {cframe = 565.208374, 330.48175, -173.736511, -0.999531388, -0.000982172671, -0.0305925608, -0.016570203, 0.857719243, 0.513851106, 0.0257351212, 0.514117181, -0.85733366, fov = 70},
    {cframe = 565.208374, 330.48175, -173.736511, -0.999531388, -0.000982172671, -0.0305925608, -0.016570203, 0.857719243, 0.513851106, 0.0257351212, 0.514117181, -0.85733366, fov = 70},
    {cframe = 565.218445, 330.482239, -173.736572, -0.999531388, -0.000982172671, -0.0305925608, -0.016570203, 0.857719243, 0.513851106, 0.0257351212, 0.514117181, -0.85733366, fov = 70},
    {cframe = 565.259033, 330.484161, -173.736877, -0.999531388, -0.000982172671, -0.0305925608, -0.016570203, 0.857719243, 0.513851106, 0.0257351212, 0.514117181, -0.85733366, fov = 70},
    {cframe = 565.279541, 330.485107, -173.73703, -0.999531388, -0.000982172671, -0.0305925608, -0.016570203, 0.857719243, 0.513851106, 0.0257351212, 0.514117181, -0.85733366, fov = 70},
    {cframe = 565.238892, 330.483185, -173.736725, -0.999531388, -0.000982172671, -0.0305925608, -0.016570203, 0.857719243, 0.513851106, 0.0257351212, 0.514117181, -0.85733366, fov = 70},
    {cframe = 565.218445, 330.482239, -173.736572, -0.999531388, -0.000982172671, -0.0305925608, -0.016570203, 0.857719243, 0.513851106, 0.0257351212, 0.514117181, -0.85733366, fov = 70},
    {cframe = 565.259033, 330.484161, -173.736877, -0.999531388, -0.000982172671, -0.0305925608, -0.016570203, 0.857719243, 0.513851106, 0.0257351212, 0.514117181, -0.85733366, fov = 70},
    {cframe = 565.279541, 330.485107, -173.73703, -0.999531388, -0.000982172671, -0.0305925608, -0.016570203, 0.857719243, 0.513851106, 0.0257351212, 0.514117181, -0.85733366, fov = 70},
    {cframe = 565.238892, 330.483185, -173.736725, -0.999531388, -0.000982172671, -0.0305925608, -0.016570203, 0.857719243, 0.513851106, 0.0257351212, 0.514117181, -0.85733366, fov = 70},
    {cframe = 565.208374, 330.48175, -173.736511, -0.999531388, -0.000982170342, -0.0305925515, -0.016570203, 0.857719243, 0.513851166, 0.0257351212, 0.514117241, -0.857333601, fov = 70},
    {cframe = 565.208374, 330.48175, -173.736511, -0.999531388, -0.000982091064, -0.0305927768, -0.0165702701, 0.857719541, 0.513851166, 0.0257353578, 0.51411736, -0.857333601, fov = 70},
    {cframe = 565.218445, 330.482239, -173.736572, -0.999531388, -0.000982172671, -0.0305925608, -0.016570203, 0.857719243, 0.513851106, 0.0257351212, 0.514117181, -0.85733366, fov = 70},
    {cframe = 565.259033, 330.484161, -173.736877, -0.999531388, -0.000982172671, -0.0305925608, -0.016570203, 0.857719243, 0.513851106, 0.0257351212, 0.514117181, -0.85733366, fov = 70},
    {cframe = 565.279541, 330.485107, -173.73703, -0.999531388, -0.000982172671, -0.0305925608, -0.016570203, 0.857719243, 0.513851106, 0.0257351212, 0.514117181, -0.85733366, fov = 70},
    {cframe = 565.238892, 330.483185, -173.736725, -0.999531388, -0.000982091064, -0.0305927768, -0.0165702701, 0.857719541, 0.513851166, 0.0257353578, 0.51411736, -0.857333601, fov = 70},
    {cframe = 565.218445, 330.482239, -173.736572, -0.999531388, -0.000982172671, -0.0305925608, -0.016570203, 0.857719243, 0.513851106, 0.0257351212, 0.514117181, -0.85733366, fov = 70},
    {cframe = 565.259033, 330.484161, -173.736877, -0.999531388, -0.000982172671, -0.0305925608, -0.016570203, 0.857719243, 0.513851106, 0.0257351212, 0.514117181, -0.85733366, fov = 70},
    {cframe = 565.279541, 330.485107, -173.73703, -0.999531388, -0.000982162892, -0.0305925515, -0.0165701993, 0.857719243, 0.513851166, 0.0257351212, 0.514117241, -0.857333601, fov = 70},
    {cframe = 565.238892, 330.483185, -173.736725, -0.999531388, -0.000982162892, -0.0305925515, -0.0165701993, 0.857719243, 0.513851166, 0.0257351212, 0.514117241, -0.857333601, fov = 70},
    {cframe = 565.208374, 330.48175, -173.736511, -0.999531388, -0.000982162892, -0.0305925515, -0.0165701993, 0.857719243, 0.513851166, 0.0257351212, 0.514117241, -0.857333601, fov = 70},
    {cframe = 565.208374, 330.48175, -173.736511, -0.999531388, -0.000982172671, -0.0305925608, -0.016570203, 0.857719243, 0.513851106, 0.0257351212, 0.514117181, -0.85733366, fov = 70},
    {cframe = 565.218445, 330.482208, -173.736572, -0.999531388, -0.000982172671, -0.0305925608, -0.016570203, 0.857719243, 0.513851106, 0.0257351212, 0.514117181, -0.85733366, fov = 70},
    {cframe = 565.259033, 330.484161, -173.736877, -0.999531388, -0.000982091064, -0.0305927768, -0.0165702701, 0.857719541, 0.513851166, 0.0257353578, 0.51411736, -0.857333601, fov = 70},
    {cframe = 565.279541, 330.485107, -173.73703, -0.999531388, -0.000982091064, -0.0305927768, -0.0165702701, 0.857719541, 0.513851166, 0.0257353578, 0.51411736, -0.857333601, fov = 70},
    {cframe = 565.238892, 330.483185, -173.736725, -0.999531388, -0.00098215777, -0.0305925608, -0.0165701918, 0.857719243, 0.513851106, 0.0257351361, 0.514117181, -0.85733366, fov = 70},
    {cframe = 565.218445, 330.482239, -173.736572, -0.999531388, -0.00098215777, -0.0305925608, -0.0165701918, 0.857719243, 0.513851106, 0.0257351361, 0.514117181, -0.85733366, fov = 70},
    {cframe = 565.259033, 330.484161, -173.736877, -0.999531388, -0.000982091064, -0.0305927768, -0.0165702701, 0.857719541, 0.513851166, 0.0257353578, 0.51411736, -0.857333601, fov = 70},
    {cframe = 565.282898, 330.485291, -173.737045, -0.999531388, -0.000982172671, -0.0305925608, -0.016570203, 0.857719243, 0.513851106, 0.0257351212, 0.514117181, -0.85733366, fov = 70},
    {cframe = 565.255798, 330.484009, -173.736847, -0.999531388, -0.000982172671, -0.0305925608, -0.016570203, 0.857719243, 0.513851106, 0.0257351212, 0.514117181, -0.85733366, fov = 70},
    {cframe = 565.22876, 330.482727, -173.736649, -0.999531388, -0.000982170342, -0.0305925515, -0.016570203, 0.857719243, 0.513851166, 0.0257351212, 0.514117241, -0.857333601, fov = 70},
    {cframe = 565.208374, 330.48175, -173.736511, -0.999531388, -0.000982172671, -0.0305925608, -0.016570203, 0.857719243, 0.513851106, 0.0257351212, 0.514117181, -0.85733366, fov = 70},
    {cframe = 565.208374, 330.48175, -173.736511, -0.999531388, -0.000982356607, -0.030591879, -0.0165700167, 0.857719302, 0.513851166, 0.02573446, 0.514117241, -0.85733366, fov = 70},
    {cframe = 565.218445, 330.482208, -173.736572, -0.999531388, -0.000982091064, -0.0305927768, -0.0165702701, 0.857719541, 0.513851166, 0.0257353578, 0.51411736, -0.857333601, fov = 70},
    {cframe = 565.259033, 330.484161, -173.736877, -0.999531388, -0.000982091064, -0.0305927768, -0.0165702701, 0.857719541, 0.513851166, 0.0257353578, 0.51411736, -0.857333601, fov = 70},
    {cframe = 565.279541, 330.485107, -173.73703, -0.999531388, -0.000982172671, -0.0305925608, -0.016570203, 0.857719243, 0.513851106, 0.0257351212, 0.514117181, -0.85733366, fov = 70},
    {cframe = 565.238953, 330.483185, -173.736725, -0.999531388, -0.000982172671, -0.0305925608, -0.016570203, 0.857719243, 0.513851106, 0.0257351212, 0.514117181, -0.85733366, fov = 70},
    {cframe = 565.218384, 330.482208, -173.736572, -0.999531388, -0.000982172671, -0.0305925608, -0.016570203, 0.857719243, 0.513851106, 0.0257351212, 0.514117181, -0.85733366, fov = 70},
    {cframe = 565.259033, 330.484161, -173.736877, -0.999531388, -0.000982091064, -0.0305927768, -0.0165702701, 0.857719541, 0.513851166, 0.0257353578, 0.51411736, -0.857333601, fov = 70},
    {cframe = 565.279541, 330.485107, -173.73703, -0.999531388, -0.000982172671, -0.0305925608, -0.016570203, 0.857719243, 0.513851106, 0.0257351212, 0.514117181, -0.85733366, fov = 70},
    {cframe = 565.238953, 330.483185, -173.736725, -0.999531388, -0.000982170342, -0.0305925515, -0.016570203, 0.857719243, 0.513851166, 0.0257351212, 0.514117241, -0.857333601, fov = 70},
    {cframe = 565.208374, 330.48175, -173.736511, -0.999531388, -0.000982172671, -0.0305925608, -0.016570203, 0.857719243, 0.513851106, 0.0257351212, 0.514117181, -0.85733366, fov = 70},
    {cframe = 565.208374, 330.48175, -173.736511, -0.999531388, -0.000982091064, -0.0305927768, -0.0165702701, 0.857719541, 0.513851166, 0.0257353578, 0.51411736, -0.857333601, fov = 70},
    {cframe = 565.218384, 330.482208, -173.736572, -0.999531388, -0.000982170342, -0.0305925515, -0.016570203, 0.857719243, 0.513851166, 0.0257351212, 0.514117241, -0.857333601, fov = 70},
    {cframe = 565.259033, 330.484161, -173.736877, -0.999531388, -0.000982356607, -0.030591879, -0.0165700167, 0.857719302, 0.513851166, 0.02573446, 0.514117241, -0.85733366, fov = 70},
    {cframe = 565.279541, 330.485107, -173.73703, -0.999531388, -0.000982172671, -0.0305925608, -0.016570203, 0.857719243, 0.513851106, 0.0257351212, 0.514117181, -0.85733366, fov = 70},
    {cframe = 565.238953, 330.483185, -173.736725, -0.999531388, -0.000982172671, -0.0305925608, -0.016570203, 0.857719243, 0.513851106, 0.0257351212, 0.514117181, -0.85733366, fov = 70},
    {cframe = 565.218384, 330.482208, -173.736572, -0.999531388, -0.000982172671, -0.0305925608, -0.016570203, 0.857719243, 0.513851106, 0.0257351212, 0.514117181, -0.85733366, fov = 70},
    {cframe = 565.259033, 330.484161, -173.736877, -0.999531388, -0.000982162892, -0.0305925515, -0.0165701993, 0.857719243, 0.513851166, 0.0257351212, 0.514117241, -0.857333601, fov = 70},
    {cframe = 565.279541, 330.485107, -173.73703, -0.999531388, -0.000982172671, -0.0305925608, -0.016570203, 0.857719243, 0.513851106, 0.0257351212, 0.514117181, -0.85733366, fov = 70},
    {cframe = 565.238953, 330.483185, -173.736725, -0.999531388, -0.000982356607, -0.030591879, -0.0165700167, 0.857719302, 0.513851166, 0.02573446, 0.514117241, -0.85733366, fov = 70},
    {cframe = 565.208374, 330.48175, -173.736511, -0.999531388, -0.000982170342, -0.0305925515, -0.016570203, 0.857719243, 0.513851166, 0.0257351212, 0.514117241, -0.857333601, fov = 70},
    {cframe = 565.208374, 330.48175, -173.736511, -0.999531388, -0.000982091064, -0.0305927768, -0.0165702701, 0.857719541, 0.513851166, 0.0257353578, 0.51411736, -0.857333601, fov = 70},
    {cframe = 565.218384, 330.482208, -173.736572, -0.999531388, -0.000982172671, -0.0305925608, -0.016570203, 0.857719243, 0.513851106, 0.0257351212, 0.514117181, -0.85733366, fov = 70},
    {cframe = 565.259033, 330.484161, -173.736877, -0.999531388, -0.000982170342, -0.0305925515, -0.016570203, 0.857719243, 0.513851166, 0.0257351212, 0.514117241, -0.857333601, fov = 70},
    {cframe = 565.279541, 330.485107, -173.73703, -0.999531388, -0.000982172671, -0.0305925608, -0.016570203, 0.857719243, 0.513851106, 0.0257351212, 0.514117181, -0.85733366, fov = 70},
    {cframe = 565.238953, 330.483185, -173.736725, -0.999531388, -0.000982091064, -0.0305927768, -0.0165702701, 0.857719541, 0.513851166, 0.0257353578, 0.51411736, -0.857333601, fov = 70},
    {cframe = 565.218384, 330.48233, -173.736511, -0.999531806, -0.000966824242, -0.0305797681, -0.0165663846, 0.857401788, 0.51438117, 0.0257218182, 0.514646947, -0.857016206, fov = 70},
    {cframe = 565.259033, 330.48468, -173.736557, -0.999533236, -0.000903718406, -0.0305322818, -0.016552031, 0.856113553, 0.516522765, 0.0256722886, 0.516787112, -0.855728865, fov = 70},
    {cframe = 565.282898, 330.486206, -173.736496, -0.99953407, -0.000840870256, -0.0305070765, -0.0165440552, 0.854926765, 0.518485248, 0.0256453268, 0.518748343, -0.854542136, fov = 70},
    {cframe = 565.255859, 330.485199, -173.73613, -0.999533176, -0.000781416195, -0.0305392072, -0.0165527388, 0.854060948, 0.51990962, 0.025676053, 0.520172417, -0.853675187, fov = 70},
    {cframe = 565.22876, 330.484192, -173.735748, -0.999532163, -0.000721376331, -0.0305732135, -0.0165620372, 0.853193223, 0.521332502, 0.0257087629, 0.521595001, -0.852805734, fov = 70},
    {cframe = 564.39032, 322.897675, -167.276657, -0.990018964, -0.0136141367, -0.140274197, -0.0223531593, 0.997893095, 0.0609135889, 0.139149293, 0.0634411871, -0.988237083, fov = 70},
    {cframe = 564.39032, 322.897675, -167.276657, -0.990018964, -0.0136141367, -0.140274197, -0.0223531593, 0.997893095, 0.0609135889, 0.139149293, 0.0634411871, -0.988237083, fov = 70},
    {cframe = 564.391907, 322.865479, -167.277039, -0.990065694, -0.0151090864, -0.139790282, -0.022856677, 0.99827987, 0.0539845228, 0.138734207, 0.0566433743, -0.988708317, fov = 70},
    {cframe = 564.398499, 322.735138, -167.278519, -0.990192413, -0.0211214405, -0.138104513, -0.0249296855, 0.999353766, 0.0259035509, 0.137468114, 0.0290923994, -0.990078807, fov = 70},
    {cframe = 564.407898, 322.609741, -167.280396, -0.990323484, -0.0276717693, -0.135990858, -0.0277774427, 0.999613643, -0.00112080609, 0.135969296, 0.0026675174, -0.990709364, fov = 70},
    {cframe = 564.426208, 322.49942, -167.283829, -0.990657449, -0.0359345973, -0.131553635, -0.0329468586, 0.999148905, -0.0248184949, 0.132333502, -0.0202523489, -0.990998209, fov = 70},
    {cframe = 564.446777, 322.393646, -167.287628, -0.990942657, -0.04456269, -0.126675516, -0.0388115197, 0.998116732, -0.0475131832, 0.12855421, -0.0421663709, -0.990805507, fov = 70},
    {cframe = 564.481567, 322.278717, -167.294022, -0.991358757, -0.0569178164, -0.118186645, -0.0486168414, 0.996221423, -0.0719709322, 0.121836446, -0.0656031594, -0.990379751, fov = 70},
    {cframe = 564.504272, 322.213898, -167.298172, -0.99153173, -0.0645788908, -0.112668805, -0.05505348, 0.994798779, -0.0857001171, 0.11761719, -0.0787715688, -0.989929855, fov = 70},
    {cframe = 564.539551, 322.138702, -167.304703, -0.991706431, -0.0755713284, -0.103957415, -0.0650168136, 0.992716968, -0.101419844, 0.110864699, -0.0938197374, -0.989397168, fov = 70},
    {cframe = 564.576172, 322.0672, -167.311462, -0.991701305, -0.0866763815, -0.0949497446, -0.0754274428, 0.990351319, -0.116256639, 0.104110256, -0.10813006, -0.98867017, fov = 70},
    {cframe = 564.61676, 322.00705, -167.319046, -0.99153316, -0.0982912481, -0.0848568007, -0.0869387686, 0.987898886, -0.128441706, 0.0964546353, -0.119976863, -0.988079906, fov = 70},
    {cframe = 564.658142, 321.950226, -167.326797, -0.991137683, -0.109919809, -0.0745898858, -0.0987440944, 0.985242128, -0.139813021, 0.0888573006, -0.131208628, -0.987364411, fov = 70},
    {cframe = 564.701965, 321.903503, -167.335114, -0.990519881, -0.121720612, -0.0636733994, -0.111180961, 0.982595623, -0.148809493, 0.0806783959, -0.140319481, -0.986813664, fov = 70},
    {cframe = 564.757202, 321.850891, -167.345688, -0.989403784, -0.136337087, -0.0499207787, -0.126919881, 0.97914654, -0.158630535, 0.0705069527, -0.150613725, -0.986075044, fov = 70},
    {cframe = 564.790771, 321.824646, -167.352203, -0.988556802, -0.145013452, -0.0415482447, -0.136470556, 0.977097631, -0.163265973, 0.0642724484, -0.15572761, -0.985706747, fov = 70},
    {cframe = 564.835327, 321.792114, -167.360886, -0.987220705, -0.156415731, -0.0304831788, -0.149154961, 0.974295259, -0.168823004, 0.0561061762, -0.162118837, -0.985174835, fov = 70},
    {cframe = 564.879028, 321.767151, -167.369583, -0.985702276, -0.167348951, -0.0196269006, -0.161525533, 0.971649706, -0.172644705, 0.0479623713, -0.167006031, -0.984788537, fov = 70},
    {cframe = 564.921997, 321.744263, -167.378189, -0.983985007, -0.178022414, -0.00901732408, -0.173690915, 0.968955696, -0.175944731, 0.0400594771, -0.171560749, -0.984358668, fov = 70},
    {cframe = 564.962463, 321.727661, -167.386536, -0.982185185, -0.187912658, 0.000970761874, -0.185085818, 0.966490805, -0.177872315, 0.0324862152, -0.174883232, -0.984053016, fov = 70},
    {cframe = 565.001587, 321.712708, -167.394684, -0.9802562, -0.197447792, 0.0105815195, -0.196115777, 0.964028239, -0.1794094, 0.0252231024, -0.17794238, -0.983717501, fov = 70},
    {cframe = 565.036682, 321.702759, -167.402313, -0.978387892, -0.205886424, 0.019176919, -0.205938861, 0.961875021, -0.179959968, 0.0186055135, -0.18001993, -0.98348695, fov = 70},
    {cframe = 565.069885, 321.694031, -167.409653, -0.976481378, -0.213869363, 0.0272750352, -0.215246141, 0.95977819, -0.180263847, 0.0123749198, -0.181895122, -0.983239949, fov = 70},
    {cframe = 565.097473, 321.689056, -167.416199, -0.974808633, -0.220438898, 0.0339816511, -0.22292915, 0.958075881, -0.179981649, 0.00711794989, -0.18302317, -0.983082771, fov = 70},
    {cframe = 565.122681, 321.684845, -167.422379, -0.973198414, -0.226446658, 0.0400838703, -0.229955181, 0.956485033, -0.179602876, 0.00233084336, -0.184006721, -0.982922196, fov = 70},
    {cframe = 565.140625, 321.683105, -167.42746, -0.972005427, -0.230718091, 0.0444355793, -0.234955445, 0.9553743, -0.179041177, -0.00114460685, -0.184469372, -0.982837498, fov = 70},
    {cframe = 565.155151, 321.681763, -167.431839, -0.971007288, -0.234189689, 0.04795634, -0.239016682, 0.954457462, -0.178555325, -0.00395648926, -0.184840888, -0.98276037, fov = 70},
    {cframe = 565.159302, 321.68161, -167.434021, -0.970709741, -0.235207304, 0.0489893146, -0.240207091, 0.954196036, -0.178354725, -0.00479508145, -0.184898257, -0.982745886, fov = 70},
    {cframe = 565.163452, 321.681488, -167.436203, -0.97040993, -0.236225277, 0.0500214584, -0.241397604, 0.953933477, -0.178152919, -0.0056329295, -0.184956416, -0.982730508, fov = 70},
    {cframe = 565.166138, 321.681702, -167.438354, -0.970185697, -0.236994132, 0.0507287644, -0.242283016, 0.953747809, -0.177944884, -0.00621055439, -0.184930295, -0.982731938, fov = 70},
    {cframe = 565.164551, 321.683075, -167.44043, -0.970198393, -0.237001508, 0.0504496135, -0.242237285, 0.953801274, -0.177720636, -0.00599884242, -0.184645042, -0.982786834, fov = 70},
    {cframe = 565.162354, 321.685059, -167.442383, -0.970217884, -0.237008244, 0.0500413626, -0.242166623, 0.953880668, -0.177389964, -0.00569063891, -0.184225276, -0.982867539, fov = 70},
    {cframe = 565.158386, 321.688995, -167.444077, -0.970257759, -0.237012178, 0.0492439903, -0.242020279, 0.954039395, -0.176733643, -0.00509268045, -0.183395237, -0.983025968, fov = 70},
    {cframe = 565.15387, 321.693573, -167.445663, -0.97030443, -0.237008363, 0.0483350307, -0.241846547, 0.954223633, -0.175976455, -0.00441453606, -0.1824404, -0.983206928, fov = 70},
    {cframe = 565.147827, 321.699982, -167.446945, -0.970372438, -0.23698099, 0.047086399, -0.241588354, 0.954485059, -0.174910784, -0.00349275558, -0.181104138, -0.983457625, fov = 70},
    {cframe = 565.141296, 321.70694, -167.44812, -0.970447242, -0.236938506, 0.045740433, -0.241300195, 0.954769731, -0.173749745, -0.00250357948, -0.179652154, -0.983726919, fov = 70},
    {cframe = 565.133301, 321.715668, -167.449005, -0.970544159, -0.236851826, 0.0441038311, -0.240919515, 0.955129325, -0.172296166, -0.00131621142, -0.177846491, -0.984057248, fov = 70},
    {cframe = 565.124939, 321.724915, -167.449768, -0.970647454, -0.236741826, 0.042386882, -0.240506425, 0.955510437, -0.170752734, -7.6826851e-05, -0.175935015, -0.984401703, fov = 70},
    {cframe = 565.115295, 321.735779, -167.450211, -0.970773995, -0.23656556, 0.0404282138, -0.239991635, 0.955962658, -0.168934047, 0.00131610141, -0.17369923, -0.984797776, fov = 70},
    {cframe = 565.105286, 321.747162, -167.450546, -0.970906556, -0.236358255, 0.0384061858, -0.239442527, 0.956435084, -0.167030782, 0.00274606398, -0.171367377, -0.985203266, fov = 70},
    {cframe = 565.094238, 321.76004, -167.450546, -0.971063375, -0.2360636, 0.0361902118, -0.238783166, 0.956974804, -0.164868221, 0.00428625941, -0.168739095, -0.985651314, fov = 70},
    {cframe = 565.082825, 321.773407, -167.450424, -0.971226096, -0.235729992, 0.0339266248, -0.238087028, 0.957531691, -0.162626535, 0.00585010927, -0.16602464, -0.98610419, fov = 70},
    {cframe = 565.070496, 321.788147, -167.449966, -0.971414506, -0.23528704, 0.0315223485, -0.237271503, 0.958152831, -0.160141885, 0.00747607509, -0.163043499, -0.986590445, fov = 70},
    {cframe = 565.057983, 321.803345, -167.449387, -0.971608937, -0.234797791, 0.0290844589, -0.236416683, 0.958787858, -0.157583341, 0.00911437441, -0.159985438, -0.987077236, fov = 70},
    {cframe = 565.044678, 321.819824, -167.448456, -0.971830726, -0.234178871, 0.0265571773, -0.235433772, 0.959483683, -0.154797077, 0.0107690105, -0.156688988, -0.98758918, fov = 70},
    {cframe = 565.031189, 321.8367, -167.447388, -0.972058654, -0.233506173, 0.0240134988, -0.234408796, 0.960190415, -0.151942387, 0.0124219554, -0.1533259, -0.988097489, fov = 70},
    {cframe = 565.017151, 321.854767, -167.445953, -0.972316444, -0.232682914, 0.0214290991, -0.233244926, 0.960953534, -0.148877263, 0.0140488259, -0.149754062, -0.988623381, fov = 70},
    {cframe = 565.00293, 321.873199, -167.444397, -0.972580969, -0.231799081, 0.0188461579, -0.232036173, 0.96172595, -0.145748958, 0.0156596266, -0.146125674, -0.989142001, fov = 70},
    {cframe = 564.988342, 321.8927, -167.442444, -0.97287792, -0.230745286, 0.016275866, -0.230678394, 0.962549984, -0.142426446, 0.0171978865, -0.142318025, -0.989671469, fov = 70},
    {cframe = 564.973633, 321.912506, -167.44043, -0.97320509, -0.229528725, 0.0137132788, -0.229175895, 0.963401198, -0.13905552, 0.0187058374, -0.138472304, -0.990189552, fov = 70},
    {cframe = 564.958618, 321.933289, -167.438187, -0.973636329, -0.227830976, 0.0111884233, -0.227219179, 0.964365721, -0.135535434, 0.0200894345, -0.134504452, -0.990709186, fov = 70},
    {cframe = 564.943481, 321.954346, -167.435928, -0.97411406, -0.225890175, 0.0086727608, -0.22503756, 0.965370297, -0.131978765, 0.0214402601, -0.13051407, -0.991214573, fov = 70},
    {cframe = 564.928162, 321.976288, -167.433609, -0.974747896, -0.223222136, 0.00619115541, -0.222155511, 0.966531456, -0.128312007, 0.0226581302, -0.126447245, -0.991714478, fov = 70},
    {cframe = 564.91272, 321.998505, -167.431274, -0.975416541, -0.220337465, 0.00372084137, -0.219073892, 0.967718482, -0.12460909, 0.0238552876, -0.122360915, -0.992198825, fov = 70},
    {cframe = 564.897034, 322.021515, -167.428894, -0.976213753, -0.216806099, 0.00129448192, -0.215371206, 0.969031692, -0.120801389, 0.0249360688, -0.118206769, -0.992675722, fov = 70},
    {cframe = 564.877258, 322.050751, -167.425888, -0.977265179, -0.212013334, -0.00170883723, -0.210389376, 0.970713913, -0.115974218, 0.0262468625, -0.112978049, -0.993250668, fov = 70},
    {cframe = 564.865295, 322.068726, -167.424057, -0.977952719, -0.208796918, -0.00347998086, -0.20707576, 0.971774936, -0.113018274, 0.026979588, -0.109805912, -0.993586779, fov = 70},
    {cframe = 564.850647, 322.090881, -167.421799, -0.978797913, -0.20475021, -0.00563936122, -0.202921212, 0.973067045, -0.10937804, 0.0278826524, -0.105914652, -0.993984163, fov = 70},
    {cframe = 564.839844, 322.107422, -167.420135, -0.979470432, -0.201460451, -0.00716218213, -0.19956775, 0.974060774, -0.106670514, 0.0284662768, -0.103051275, -0.994268537, fov = 70},
    {cframe = 564.829041, 322.123962, -167.418472, -0.980129659, -0.198166788, -0.00868950691, -0.196214929, 0.975034177, -0.103960052, 0.0290739685, -0.100189336, -0.994543493, fov = 70},
    {cframe = 564.816895, 322.142731, -167.416595, -0.98088026, -0.194334388, -0.0103841368, -0.192325458, 0.976131439, -0.100888319, 0.0297423359, -0.0969622359, -0.994843423, fov = 70},
    {cframe = 564.800537, 322.168304, -167.414047, -0.981923699, -0.188857317, -0.0125887338, -0.186791077, 0.977627814, -0.0967141837, 0.0305722728, -0.0926144868, -0.995232463, fov = 70},
    {cframe = 564.784119, 322.194031, -167.411499, -0.982951522, -0.183269769, -0.0147773717, -0.181159526, 0.97909236, -0.0925124288, 0.0314231552, -0.088258177, -0.995601773, fov = 70},
    {cframe = 564.763489, 322.226807, -167.408264, -0.984256566, -0.175884336, -0.0174247418, -0.173745736, 0.980925024, -0.0871715546, 0.0324244462, -0.0827716962, -0.996040821, fov = 70},
    {cframe = 564.751099, 322.246613, -167.406326, -0.985023081, -0.17137228, -0.0189940743, -0.169226885, 0.981995583, -0.0839446187, 0.0330378599, -0.0794731006, -0.996289313, fov = 70},
    {cframe = 564.734497, 322.273376, -167.403717, -0.986045003, -0.165146381, -0.0210180581, -0.163008437, 0.983409584, -0.0795892775, 0.0338132195, -0.0750524849, -0.996606052, fov = 70},
    {cframe = 564.717896, 322.300232, -167.401093, -0.987031519, -0.158865482, -0.023027692, -0.156746835, 0.984770656, -0.0752137825, 0.0346258432, -0.0706288666, -0.996901453, fov = 70},
    {cframe = 564.701233, 322.327423, -167.398453, -0.987998247, -0.152434394, -0.0249581859, -0.150352418, 0.986094475, -0.0707911849, 0.0354021341, -0.0661890581, -0.997178733, fov = 70},
    {cframe = 564.68457, 322.354706, -167.395798, -0.988922894, -0.145976648, -0.0268746912, -0.143942609, 0.987359226, -0.0663527846, 0.036220897, -0.0617493726, -0.997434139, fov = 70},
    {cframe = 564.667908, 322.382202, -167.393143, -0.989812076, -0.139454633, -0.0287125539, -0.137484476, 0.988569498, -0.0618801191, 0.0370137952, -0.0573021546, -0.997670412, fov = 70},
    {cframe = 564.651245, 322.40979, -167.390488, -0.990654171, -0.132934764, -0.0305370968, -0.131039396, 0.989714146, -0.0573961847, 0.037852928, -0.0528582111, -0.997884214, fov = 70},
    {cframe = 564.634644, 322.437531, -167.387817, -0.991448879, -0.126437888, -0.0322853215, -0.124631822, 0.990792155, -0.0528914034, 0.0386755168, -0.0484153517, -0.998078167, fov = 70},
    {cframe = 564.617981, 322.465302, -167.385147, -0.992194116, -0.119972266, -0.0340209976, -0.118266053, 0.99180299, -0.0483800881, 0.0395463742, -0.0439789034, -0.998249412, fov = 70},
    {cframe = 564.60144, 322.493164, -167.382477, -0.992883444, -0.113616936, -0.0356863551, -0.112023704, 0.992737293, -0.0438615121, 0.0404105484, -0.039551653, -0.998399973, fov = 70},
    {cframe = 564.5849, 322.521057, -167.379807, -0.993522763, -0.107322007, -0.0373395123, -0.105852127, 0.993603289, -0.0393414497, 0.0413228571, -0.0351341628, -0.998527825, fov = 70},
    {cframe = 564.56842, 322.54892, -167.377136, -0.994101524, -0.101225473, -0.0389276408, -0.0998908579, 0.994388938, -0.0348287225, 0.0422347374, -0.03073477, -0.998634815, fov = 70},
    {cframe = 564.552002, 322.576782, -167.374466, -0.994631827, -0.0952184126, -0.0405073203, -0.0940291733, 0.99510771, -0.0303197615, 0.0431961343, -0.0263481308, -0.998719037, fov = 70},
    {cframe = 564.535706, 322.604553, -167.371811, -0.995099664, -0.0894973055, -0.0420322977, -0.0884641334, 0.995744109, -0.0258326381, 0.0441653542, -0.0219877008, -0.998782158, fov = 70},
    {cframe = 564.515442, 322.63916, -167.3685, -0.995615602, -0.082588248, -0.0439160801, -0.0817641765, 0.996446192, -0.0202442873, 0.0454319343, -0.0165647678, -0.99883002, fov = 70},
    {cframe = 564.503357, 322.659851, -167.366531, -0.995883763, -0.0786665976, -0.0450215228, -0.0779753327, 0.996811807, -0.0169126317, 0.0462084264, -0.013332448, -0.998842776, fov = 70},
    {cframe = 564.487305, 322.687378, -167.363892, -0.996204615, -0.0735858232, -0.0464895256, -0.0730802417, 0.997247875, -0.012485167, 0.0472803079, -0.0090403175, -0.99884063, fov = 70},
    {cframe = 564.471436, 322.71463, -167.361282, -0.996467113, -0.0689663589, -0.0479251221, -0.0686552972, 0.99760735, -0.00810885988, 0.0483696871, -0.00478990003, -0.99881798, fov = 70},
    {cframe = 564.455627, 322.741821, -167.358688, -0.996694624, -0.0645232052, -0.0493602641, -0.0644164458, 0.997915924, -0.00375238294, 0.0494994931, -0.000560367887, -0.998773932, fov = 70},
    {cframe = 564.440002, 322.768677, -167.35611, -0.996867895, -0.0606287383, -0.0507777818, -0.060734354, 0.998153567, 0.000538095599, 0.0506513864, 0.003620364, -0.998709738, fov = 70},
    {cframe = 564.4245, 322.79541, -167.353546, -0.997012079, -0.0569389202, -0.0521982759, -0.0572666563, 0.998347282, 0.00480332877, 0.0518384986, 0.00777819566, -0.9986251, fov = 70},
    {cframe = 564.40918, 322.821747, -167.351013, -0.997106671, -0.0538844578, -0.0536157414, -0.0544417799, 0.998476505, 0.00898797531, 0.0530497395, 0.0118809063, -0.99852109, fov = 70},
    {cframe = 564.395203, 322.845825, -167.348694, -0.997175097, -0.0512346961, -0.054924313, -0.0520115905, 0.998564065, 0.0128089525, 0.0541891791, 0.0156294685, -0.998408258, fov = 70},
    {cframe = 564.385193, 322.862976, -167.347031, -0.9971928, -0.0498356521, -0.0558824874, -0.0507748723, 0.998589456, 0.0155142676, 0.0550304987, 0.0183081403, -0.998316765, fov = 70},
    {cframe = 564.375244, 322.880096, -167.345383, -0.997207463, -0.0484346524, -0.0568436831, -0.0495411083, 0.998605549, 0.018218996, 0.0558819957, 0.0209842157, -0.998216748, fov = 70},
    {cframe = 564.364136, 322.89917, -167.343536, -0.997207463, -0.0471241362, -0.0579343736, -0.0484228246, 0.998601258, 0.021219952, 0.0568533689, 0.0239660386, -0.998094738, fov = 70},
    {cframe = 564.349548, 322.924164, -167.34111, -0.997168422, -0.0460933372, -0.0594174415, -0.0476544723, 0.998547494, 0.0251296423, 0.0581728257, 0.0278899912, -0.997916758, fov = 70},
    {cframe = 564.335083, 322.948944, -167.338684, -0.997118533, -0.0452024266, -0.060919106, -0.0470349342, 0.998472214, 0.0289897453, 0.0595156364, 0.0317715406, -0.997721493, fov = 70},
    {cframe = 564.320984, 322.973114, -167.336273, -0.997043788, -0.0447513014, -0.0624575764, -0.0468592755, 0.998366058, 0.0327032581, 0.0608919896, 0.0355332978, -0.997511625, fov = 70},
    {cframe = 564.306946, 322.99704, -167.333862, -0.996965349, -0.0443013385, -0.0640115589, -0.0466928072, 0.998247385, 0.0363593064, 0.0622885898, 0.039237842, -0.997286499, fov = 70},
    {cframe = 564.293213, 323.020355, -167.331421, -0.996881485, -0.0438666567, -0.0655966923, -0.0465432107, 0.9981215, 0.0398468263, 0.0637254864, 0.0427756459, -0.997050285, fov = 70},
    {cframe = 564.279602, 323.043488, -167.328964, -0.996793926, -0.0434338264, -0.0671957433, -0.0464032181, 0.997984946, 0.0432786793, 0.0651805773, 0.0462580174, -0.996800661, fov = 70},
    {cframe = 564.266357, 323.065979, -167.326492, -0.996701002, -0.0430181809, -0.0688207373, -0.0462815203, 0.997843444, 0.0465474948, 0.0666699037, 0.0495790653, -0.996542454, fov = 70},
    {cframe = 564.25, 323.093689, -167.32338, -0.996579289, -0.0425073653, -0.0708705485, -0.0461464487, 0.997656286, 0.0505268387, 0.0685566664, 0.0536244251, -0.996204913, fov = 70},
    {cframe = 564.240356, 323.109924, -167.321518, -0.996502697, -0.0422117896, -0.072113432, -0.0460780784, 0.997540414, 0.0528190583, 0.0697064623, 0.0559571832, -0.995996833, fov = 70},
    {cframe = 564.2276, 323.131409, -167.319016, -0.996397197, -0.0418218933, -0.073779501, -0.0459967032, 0.997380853, 0.055823613, 0.0712515861, 0.0590161011, -0.99571085, fov = 70},
    {cframe = 564.21521, 323.152252, -167.316498, -0.99628669, -0.041453559, -0.0754608363, -0.0459365733, 0.997219741, 0.0586753413, 0.0728187039, 0.0619238727, -0.995420873, fov = 70},
    {cframe = 564.202942, 323.172943, -167.31398, -0.996172488, -0.0410896875, -0.0771483406, -0.0458870605, 0.997053266, 0.0614766888, 0.0743949339, 0.0647814944, -0.995122373, fov = 70},
    {cframe = 564.190918, 323.192993, -167.311462, -0.996053457, -0.0407495014, -0.078846097, -0.0458600745, 0.996887326, 0.0641303658, 0.0759873763, 0.067493163, -0.994821787, fov = 70},
    {cframe = 564.179077, 323.21286, -167.308945, -0.99593091, -0.0404146127, -0.0805488899, -0.0458439365, 0.996717095, 0.066735439, 0.0775873512, 0.0701565593, -0.994513988, fov = 70},
    {cframe = 564.167542, 323.232147, -167.306412, -0.995803893, -0.0401055627, -0.0822559595, -0.0458515026, 0.996548533, 0.0691981539, 0.0791968256, 0.0726793557, -0.994205952, fov = 70},
    {cframe = 564.156067, 323.251221, -167.303894, -0.995673239, -0.0398029163, -0.0839659125, -0.0458703078, 0.99637717, 0.0716139078, 0.0808112547, 0.0751556009, -0.993891895, fov = 70},
    {cframe = 564.147705, 323.265106, -167.302002, -0.995572448, -0.039597787, -0.085248448, -0.0459032394, 0.996251345, 0.0733228251, 0.0820254385, 0.0769113675, -0.993658066, fov = 70},
    {cframe = 564.133911, 323.288055, -167.298843, -0.995400369, -0.0392620154, -0.0873860419, -0.045970194, 0.996038258, 0.076125294, 0.0840509683, 0.0797922984, -0.993261516, fov = 70},
    {cframe = 564.12323, 323.305786, -167.296326, -0.995258689, -0.0390252024, -0.0890899748, -0.0460516252, 0.995871186, 0.0782264546, 0.0856693238, 0.0819583014, -0.992946863, fov = 70},
    {cframe = 564.110046, 323.327576, -167.293182, -0.995077193, -0.0387480706, -0.0912130624, -0.046174366, 0.995663106, 0.0807673931, 0.0876878724, 0.0845814869, -0.992550552, fov = 70},
    {cframe = 564.102295, 323.340332, -167.29129, -0.994965792, -0.0386009999, -0.0924818218, -0.0462651625, 0.995539963, 0.0822151899, 0.0888957679, 0.0860799775, -0.992314219, fov = 70},
    {cframe = 564.092102, 323.357117, -167.288788, -0.994814754, -0.0384145342, -0.0941687971, -0.0463974811, 0.995375752, 0.0841041654, 0.0905025452, 0.0880372673, -0.991997242, fov = 70},
    {cframe = 564.082214, 323.373352, -167.286301, -0.994661093, -0.0382634439, -0.0958388597, -0.046558816, 0.995217681, 0.085871011, 0.0920948014, 0.0898746923, -0.991685867, fov = 70},
    {cframe = 564.072449, 323.389435, -167.283813, -0.994504809, -0.0381223932, -0.0975020528, -0.0467318334, 0.995059073, 0.0875980929, 0.0936808512, 0.0916731805, -0.991372645, fov = 70},
    {cframe = 564.062988, 323.404938, -167.281342, -0.994346559, -0.0380187407, -0.0991432816, -0.0469348319, 0.994906604, 0.0892082378, 0.0952467099, 0.0933571681, -0.991066277, fov = 70},
    {cframe = 564.05365, 323.420258, -167.278885, -0.994185865, -0.0379259326, -0.100776635, -0.0471496545, 0.994754076, 0.0907804072, 0.0968050137, 0.095004186, -0.990758717, fov = 70},
    {cframe = 564.044556, 323.435059, -167.276443, -0.9940238, -0.0378726237, -0.102382407, -0.0473954976, 0.994608045, 0.0922407955, 0.0983369499, 0.0965420082, -0.990459144, fov = 70},
    {cframe = 564.036316, 323.448517, -167.274216, -0.993873119, -0.03783115, -0.103849888, -0.0476298034, 0.994474351, 0.0935570076, 0.0997366235, 0.0979301557, -0.990182877, fov = 70},
    {cframe = 564.030518, 323.457886, -167.272598, -0.993763626, -0.0378322564, -0.104891911, -0.0478234477, 0.994381785, 0.0944353342, 0.100729868, 0.0988627002, -0.989989638, fov = 70},
    {cframe = 564.02478, 323.467255, -167.270996, -0.993653178, -0.0378323235, -0.105934039, -0.0480178818, 0.994288504, 0.0953127965, 0.101723082, 0.099794589, -0.989794612, fov = 70},
    {cframe = 564.018372, 323.477631, -167.269211, -0.993528485, -0.0378460959, -0.10709177, -0.0482474118, 0.994185627, 0.096264489, 0.102825865, 0.100808412, -0.989577889, fov = 70},
    {cframe = 564.010132, 323.490997, -167.266846, -0.993362188, -0.0379035249, -0.10860309, -0.0485835299, 0.994054139, 0.0974454656, 0.104263835, 0.102074958, -0.989297509, fov = 70},
    {cframe = 564.002014, 323.504211, -167.264481, -0.99319464, -0.0379748344, -0.110100187, -0.0489322767, 0.993924081, 0.0985936373, 0.105687119, 0.103310131, -0.989018261, fov = 70},
    {cframe = 563.994141, 323.516876, -167.262161, -0.993028045, -0.0380932316, -0.111552723, -0.0493165404, 0.993799806, 0.0996447727, 0.10706529, 0.104451448, -0.9887501, fov = 70},
    {cframe = 563.986389, 323.529388, -167.259857, -0.992860556, -0.0382261612, -0.112989016, -0.0497134402, 0.993677557, 0.100664951, 0.108426593, 0.105563335, -0.988483667, fov = 70},
    {cframe = 563.978943, 323.541412, -167.257584, -0.992694736, -0.038407661, -0.114375561, -0.0501465052, 0.993561089, 0.10159342, 0.109737158, 0.106586784, -0.988229156, fov = 70},
    {cframe = 563.971558, 323.553253, -167.255325, -0.992528677, -0.0386046134, -0.115743168, -0.0505924374, 0.993446589, 0.102492675, 0.111027934, 0.107582644, -0.987977028, fov = 70},
    {cframe = 563.964478, 323.564575, -167.253098, -0.992365062, -0.038852416, -0.117055155, -0.0510759354, 0.993337452, 0.103305265, 0.112261593, 0.108495228, -0.987737775, fov = 70},
    {cframe = 563.95752, 323.575745, -167.2509, -0.992201447, -0.0391164683, -0.118347138, -0.0515726283, 0.993230104, 0.104090318, 0.11347425, 0.109382041, -0.987501383, fov = 70},
    {cframe = 563.950867, 323.586426, -167.248749, -0.99204129, -0.0394336283, -0.119577855, -0.0521083437, 0.993128121, 0.104793616, 0.114623688, 0.1101906, -0.9872787, fov = 70},
    {cframe = 563.944275, 323.596954, -167.246597, -0.991881549, -0.0397678241, -0.120786324, -0.0526575036, 0.993027091, 0.105471157, 0.115749732, 0.110975198, -0.987059414, fov = 70},
    {cframe = 563.937988, 323.606964, -167.244507, -0.991726518, -0.0401573293, -0.121925227, -0.0532469116, 0.992931783, 0.106072277, 0.116803832, 0.111686826, -0.98685503, fov = 70},
    {cframe = 563.931824, 323.616852, -167.242432, -0.991572142, -0.0405645221, -0.123041034, -0.0538500622, 0.992837369, 0.106649369, 0.117833555, 0.11237631, -0.986654282, fov = 70},
    {cframe = 563.925903, 323.626251, -167.240402, -0.991422832, -0.0410285778, -0.124086089, -0.0544948988, 0.992747545, 0.107155107, 0.11878974, 0.112998076, -0.986468613, fov = 70},
    {cframe = 563.920105, 323.635468, -167.238403, -0.991274714, -0.0415112935, -0.1251041, -0.0551538169, 0.992659152, 0.107638583, 0.119717479, 0.113599367, -0.986287355, fov = 70},
    {cframe = 563.914551, 323.644257, -167.236465, -0.991133273, -0.0420533791, -0.126040474, -0.0558557808, 0.992574811, 0.1080558, 0.12056043, 0.114137791, -0.986122489, fov = 70},
    {cframe = 563.909119, 323.652863, -167.234528, -0.990993142, -0.0426149294, -0.126950637, -0.056572549, 0.992490649, 0.10845232, 0.121375598, 0.114657424, -0.985962212, fov = 70},
    {cframe = 563.903992, 323.661011, -167.232666, -0.990860105, -0.0432384945, -0.127775341, -0.0573347062, 0.992410421, 0.10878741, 0.122101732, 0.115119062, -0.985818684, fov = 70},
    {cframe = 563.898987, 323.669006, -167.23082, -0.990728855, -0.0438817739, -0.128571048, -0.0581115671, 0.992330194, 0.109103814, 0.122797266, 0.115563765, -0.985680282, fov = 70},
    {cframe = 563.894226, 323.676575, -167.22905, -0.990605712, -0.0445874669, -0.129275292, -0.0589338355, 0.992253184, 0.109364636, 0.123397484, 0.115955926, -0.985559285, fov = 70},
    {cframe = 563.889526, 323.68396, -167.227295, -0.990484774, -0.0453137755, -0.129947737, -0.0597713739, 0.992176116, 0.10960862, 0.123964235, 0.116332822, -0.985443771, fov = 70},
    {cframe = 563.885132, 323.690918, -167.225601, -0.990372717, -0.0461048856, -0.130522311, -0.0606562905, 0.992101073, 0.109802164, 0.124428861, 0.116662063, -0.985346258, fov = 70},
    {cframe = 563.880859, 323.697723, -167.223938, -0.990262985, -0.0469174497, -0.131063953, -0.0615571849, 0.992025912, 0.109980509, 0.124858804, 0.116977558, -0.985254407, fov = 70},
    {cframe = 563.876831, 323.704102, -167.222351, -0.990162551, -0.0477970913, -0.131504148, -0.0625076666, 0.991951108, 0.110113271, 0.125182629, 0.117250063, -0.985180974, fov = 70},
    {cframe = 563.872925, 323.710327, -167.220795, -0.990064919, -0.0486988202, -0.131907672, -0.0634744093, 0.991876721, 0.110232748, 0.125467941, 0.117510341, -0.98511368, fov = 70},
    {cframe = 563.869263, 323.716125, -167.219299, -0.989977896, -0.0496692173, -0.132199451, -0.0644916221, 0.991802335, 0.110312261, 0.125636607, 0.11773245, -0.985065699, fov = 70},
    {cframe = 563.865967, 323.721375, -167.217957, -0.989899397, -0.0505753942, -0.13244313, -0.0654369891, 0.991733074, 0.110377476, 0.12576586, 0.117929272, -0.985025644, fov = 70},
    {cframe = 563.86377, 323.724854, -167.217041, -0.989850163, -0.0512844808, -0.132538289, -0.0661616325, 0.991682649, 0.110399552, 0.125774145, 0.118047968, -0.985010386, fov = 70},
    {cframe = 563.861572, 323.728363, -167.21611, -0.989800394, -0.051993534, -0.132633224, -0.066886209, 0.991631567, 0.110421546, 0.125782087, 0.118166633, -0.984995067, fov = 70},
    {cframe = 563.859253, 323.732117, -167.215118, -0.989757001, -0.0528415106, -0.132622227, -0.067721419, 0.991586208, 0.110319562, 0.125676915, 0.118170924, -0.985008001, fov = 70},
    {cframe = 563.856384, 323.736694, -167.213867, -0.98973316, -0.054117471, -0.132285357, -0.0688977316, 0.99155885, 0.109836109, 0.125224665, 0.117822595, -0.985107362, fov = 70},
    {cframe = 563.853638, 323.741119, -167.212646, -0.989726424, -0.0554592051, -0.131779224, -0.0700937361, 0.991551816, 0.109144397, 0.124612801, 0.117259994, -0.985252023, fov = 70},
    {cframe = 563.851257, 323.745026, -167.211548, -0.989774942, -0.0570028834, -0.130751982, -0.0713505298, 0.991607726, 0.107810728, 0.123509146, 0.116037585, -0.985535681, fov = 70},
    {cframe = 563.848938, 323.748749, -167.210495, -0.989834309, -0.0585872903, -0.129597023, -0.0726168305, 0.991676748, 0.106321767, 0.122289233, 0.114651851, -0.985849917, fov = 70},
    {cframe = 563.846985, 323.751984, -167.209534, -0.989933431, -0.0602976978, -0.128045693, -0.0739086792, 0.991790175, 0.104353502, 0.120702192, 0.112766713, -0.986262858, fov = 70},
    {cframe = 563.845154, 323.755066, -167.208618, -0.990037322, -0.0620242916, -0.126407802, -0.0752008557, 0.991909087, 0.102281675, 0.11904107, 0.110768646, -0.986691117, fov = 70},
    {cframe = 563.843567, 323.757721, -167.207794, -0.990165949, -0.0638037175, -0.124500304, -0.0764854103, 0.992054164, 0.0998913571, 0.117137603, 0.108431481, -0.987178445, fov = 70},
    {cframe = 563.842041, 323.760223, -167.207001, -0.990293741, -0.0655747727, -0.122547887, -0.0777601078, 0.992198288, 0.0974491015, 0.115201563, 0.10603258, -0.987666667, fov = 70},
    {cframe = 563.84082, 323.762329, -167.206314, -0.990433276, -0.0673258007, -0.120453231, -0.0789915249, 0.992352545, 0.0948492587, 0.113146268, 0.103456646, -0.988177359, fov = 70},
    {cframe = 563.839661, 323.764282, -167.205658, -0.990567863, -0.0690449402, -0.118355386, -0.0802018121, 0.99250114, 0.0922490433, 0.111098476, 0.10087125, -0.988676906, fov = 70},
    {cframe = 563.838745, 323.765869, -167.205109, -0.990702987, -0.0706736371, -0.116244197, -0.0813315585, 0.99264729, 0.0896512792, 0.109053455, 0.0982721075, -0.9891662, fov = 70},
    {cframe = 563.837952, 323.767365, -167.204575, -0.990830183, -0.0722481087, -0.114173591, -0.0824275762, 0.99278307, 0.0871043056, 0.107056499, 0.0957166255, -0.989634812, fov = 70},
    {cframe = 563.83728, 323.768524, -167.204147, -0.990948856, -0.073664315, -0.112221889, -0.0834040716, 0.992908239, 0.0847184658, 0.105185293, 0.0933114365, -0.990065098, fov = 70},
    {cframe = 563.83667, 323.769592, -167.203735, -0.991057992, -0.0750049576, -0.110354729, -0.0843327716, 0.993021607, 0.0824350566, 0.103401609, 0.0910044461, -0.990467608, fov = 70},
    {cframe = 563.836304, 323.770325, -167.20343, -0.991151214, -0.0761209056, -0.108741306, -0.0851006433, 0.993117332, 0.080471769, 0.101867288, 0.089013651, -0.990807474, fov = 70},
    {cframe = 563.835938, 323.771027, -167.20314, -0.991234303, -0.077141203, -0.107254833, -0.0858058557, 0.993202031, 0.0786624923, 0.100457542, 0.0871760547, -0.991114736, fov = 70},
    {cframe = 563.835693, 323.771423, -167.202957, -0.991295397, -0.0778724924, -0.106156021, -0.0863082707, 0.993262351, 0.0773310214, 0.0994188413, 0.0858200267, -0.991337836, fov = 70},
    {cframe = 563.83551, 323.77179, -167.202805, -0.991345882, -0.0784884617, -0.105226666, -0.086732991, 0.993313015, 0.0762050301, 0.0985417515, 0.0846721753, -0.991524041, fov = 70},
    {cframe = 563.835449, 323.771912, -167.202744, -0.991368055, -0.0787514597, -0.104821146, -0.0869132355, 0.993334591, 0.0757142305, 0.0981598422, 0.0841710195, -0.991604626, fov = 70},
}
